report_date,entity_id,metric_1,metric_2,metric_3,metric_4,metric_5,metric_6,metric_7,metric_8,metric_9,metric_10,metric_11,metric_12,metric_13,metric_14,metric_15,metric_16,metric_17,metric_18,metric_19,metric_20,metric_21,metric_22,metric_23,metric_24,metric_25,metric_26,metric_27,metric_28,metric_29,metric_30,metric_31,metric_32,metric_33,metric_34,metric_35,metric_36,metric_37,metric_38,metric_39,metric_40,metric_41,metric_42,metric_43,metric_44,metric_45,metric_46,metric_47,metric_48,metric_49,metric_50,metric_51,metric_52,metric_53,metric_54,metric_55,metric_56,metric_57,metric_58,metric_59,metric_60,metric_61,metric_62,metric_63,metric_64,metric_65,metric_66,metric_67,metric_68,metric_69,metric_70,metric_71,metric_72,metric_73,metric_74,metric_75,metric_76,metric_77,metric_78,metric_79,metric_80,metric_81,metric_82,metric_83,metric_84,metric_85,metric_86,metric_87,metric_88,metric_89,metric_90,metric_91,metric_92,metric_93,metric_94,metric_95,metric_96,metric_97,metric_98,metric_99,metric_100,metric_101,metric_102,metric_103,metric_104,metric_105,metric_106,metric_107,metric_108,metric_109,metric_110,metric_111,metric_112,metric_113,metric_114,metric_115,metric_116,metric_117,metric_118,metric_119,metric_120,metric_121,metric_122,metric_123,metric_124,metric_125,metric_126,metric_127,metric_128,metric_129,metric_130,metric_131,metric_132,metric_133,metric_134,metric_135,metric_136,metric_137,metric_138,metric_139,metric_140,metric_141,metric_142,metric_143,metric_144,metric_145,metric_146,metric_147,metric_148,metric_149,metric_150,metric_151,metric_152,metric_153,metric_154,metric_155,metric_156,metric_157,metric_158,metric_159,metric_160,metric_161,metric_162,metric_163,metric_164,metric_165,metric_166,metric_167,metric_168,metric_169,metric_170,metric_171,metric_172,metric_173,metric_174,metric_175,metric_176,metric_177,metric_178,metric_179,metric_180,metric_181,metric_182,metric_183,metric_184,metric_185,metric_186,metric_187,metric_188,metric_189,metric_190,metric_191,metric_192,metric_193,metric_194,metric_195,metric_196,metric_197,metric_198,metric_199,metric_200
2025-02-01,Entity_1,9026.916661098332,1574.911904721409,7976.996033397019,689.1514980661049,7566.156991017903,8083.022239465135,2103.1658390756884,8677.128936980049,3846.8923680263774,6743.615170082107,8843.67132979523,4178.977768037328,6279.24120405443,9726.52050248651,3138.0342905903594,6441.265665269188,2172.678971158913,9407.692393592853,3505.9746243975314,5196.902465532035,9712.978243719472,6080.495700664437,6719.424679377469,540.3035300475597,7251.876849370799,5053.281721427252,3968.765230409901,3454.2762276821995,3178.7615320386835,4079.8263123209235,8418.266242238546,2438.2882175075138,2932.538805002752,533.5074955268611,3558.3334153181277,4960.93965296979,2390.24011951683,1748.6543495597225,5265.911096109156,2843.892249010052,7296.625881488334,9596.39503846377,8201.45014983255,8776.277046875372,4267.518627096816,8275.92992809319,7522.477585178314,9815.486411233891,2255.7161275159124,8629.349391989492,3063.5161918491217,2300.7663879950246,2076.2743791137123,1357.0615345418007,7244.624243186765,6600.2597037641435,4492.933007282378,5283.795855262674,1790.8291613751667,1559.8355104080642,3091.0495516090987,1426.7888317632141,4537.565294881489,3943.7126237031343,5011.813448721623,5581.313755909079,1382.0289890109484,1131.0626202944522,4021.179833103568,4844.603752241792,4444.383139817518,1295.6478728647053,853.3921237683825,9383.137362799855,7290.524878100915,8604.261170731625,8853.40649138008,8369.706154869398,3531.648944344761,3524.808221727634,1419.4049715274766,5960.58475556837,7134.550604262128,8252.597703557614,7089.940638720204,2389.255804383928,1266.6874507576397,9389.962570750688,5247.057960031243,1116.2191191643801,194.9607240811871,1855.6151805636928,8690.5558389694,9751.317209993882,812.9915326849928,8425.8030613952,2417.314758766065,3408.5885873934003,9866.622213370445,8025.490557728465,6909.236645971185,3939.4829348811086,7558.78883286522,4001.6376626073225,3676.4099135811316,1225.3712051490475,6390.75832413863,4428.380059342237,1455.0065629306027,1270.0664769924308,5315.437505086348,1339.7519433322236,9352.399853935189,3569.916629560406,7642.178926545754,1742.5255141085322,927.0598398220689,3567.7597061661145,690.0394940883361,9307.885754771221,6833.38679027714,9979.690347727446,9044.882538647968,8458.630539993474,4396.44153297184,3550.0596037718665,4917.906718714563,3014.638604050351,4419.087509711289,4969.452508817184,8823.115872085013,2449.9655537894805,8418.686669590526,4470.1435266762555,9727.478414096353,6958.27440049554,8522.256562967903,5382.800317354552,8396.668741872856,7380.875235388887,1001.6628221255405,8828.074035369767,593.2988589908423,5231.399768308866,4100.886650150628,9790.436439026375,8100.108856146256,3769.1383086492206,6613.9087965590825,8219.067052912942,8511.460464241163,4455.59222944958,6092.798238835618,4860.899894114113,1757.393398040164,7878.900280430412,3792.201236398417,6940.103722385804,4397.748649808483,2363.303485478282,8496.470917396773,9363.29824141454,4643.056248254677,9898.984135856745,3138.579070648936,5631.368269098346,7163.003690952352,1995.0041186950125,2009.9473432463044,3785.1560661868766,8035.424878965237,9797.783327066438,6355.515152951485,6071.242168391094,3800.194978312859,3948.608386071847,9276.23316819973,2960.9494022469976,363.7302528111164,9267.156690995967,5042.1506094290435,2560.3519974840715,7638.040139831842,4863.8811714884,9443.302665884015,8840.252179815972,683.8700045184191,1848.6669185487021,3400.823306986498,7162.208146440332,4904.596063156342,6423.590933053175,6782.440050893277,1260.017802223635,8873.843258545192,3294.4832153437887,3494.003509051652,7563.224973070632,8763.469074039627,2015.2343675856328
2025-02-01,Entity_2,9355.61210096792,7392.936882616112,1041.7101278732805,4651.807817362517,8909.899837751995,2405.575239181218,734.5929561089508,5867.763513331731,2538.4524032796676,8898.92788072653,6141.110706055061,7757.925483095407,985.579080912292,3456.1926003323324,729.2605998579166,2152.7900241301913,6373.830734241304,7254.077450624313,4017.0181105894376,3045.4643952423894,8452.805095036876,1504.1822868795039,3874.8058161493263,8439.966554170654,4603.523069878995,8545.976306641194,1042.6882362411836,8041.186768793916,7069.682003593786,8997.567858513083,9620.384071558581,2378.4539758522233,7217.279721189129,3944.5886006292535,283.5246088922136,9107.991522838987,299.82362786732267,3190.1694085473814,8995.124610443618,6751.611859721813,7972.3798117136685,3507.9896022419657,2475.224440495103,3052.561648734199,5611.591256467465,2845.9990001755027,4162.709489618485,1288.6602361992198,4556.820678436127,8929.236030139642,4313.00506172473,5414.682047390911,5771.62268059675,4094.3780291410562,4991.784265137699,936.8746498220986,5089.809812018504,5137.392640622272,4279.512454910456,8584.159214955873,7242.011606401434,9520.62449068383,4045.5888655318936,6889.997535465139,9424.344701510505,8893.660492861853,6381.0898684087015,4004.2726714376254,8550.557509104568,3743.0955122964165,8606.035570419124,1776.6852516835186,3714.592248920057,547.0695630347706,2559.16989697567,6184.533348400098,4419.722695853283,3503.2206988348134,8891.858035001262,7165.833226358437,5260.889002169645,9968.84408467782,7062.616430707176,3253.1434052680465,3440.195361259985,9542.805125157853,6428.183944937267,718.0593171104705,391.7859669506931,6454.731240630199,3208.3954122435807,9173.538955251051,4747.343030304283,4732.895524961999,650.9536091745362,2999.0414406222435,5570.126434921254,6468.991691591987,6640.565771785026,1162.5055588511332,8136.235198133518,2553.805459120748,3623.0736099551414,2667.6560283803087,4716.770349295165,5238.1730877246155,5255.038566020555,4160.369576831012,3160.0969752531937,1015.2988871206633,2842.6511220612174,7611.483250318731,1219.3107919499498,1256.0753720127252,2326.566842953718,3354.0781609169812,3892.4429468144176,8784.770837695522,9253.782690377846,2209.221786473545,6662.701925791797,7766.596752990383,5757.616078384095,9017.296659236274,7340.304817277859,1763.9225632699845,9151.913573916507,7635.74142389485,1327.1865735866065,4493.248053764079,4870.74095842119,469.75541675902974,1824.525005533383,9287.300081988644,2321.318540399543,6409.499198632988,2128.126108620917,8680.913336555559,3237.3192978555503,6939.339115649755,9917.372561762711,8035.288087250703,8013.400551947344,9584.330921557957,5368.248630701815,1846.0771918057999,4489.174456896115,9108.368531516371,1223.320535168577,7820.894736469544,6626.434440134271,2989.4956642948882,613.0515337345844,781.7518867113289,288.3755652753854,7400.8850137281,2740.288051288509,5039.386275296235,3106.946070241749,9247.844022278612,3445.4277739098206,3582.3870503387393,4548.663448071882,4077.5271810518225,2915.5413671550136,8220.481181840334,1449.5127020885236,2844.6282714243293,8511.588674003437,5768.0564957130355,484.36225516642753,6050.907037027925,5734.642419749409,2730.596947700354,1738.9858241560305,3041.9913578608184,7154.975742803327,191.0961173651046,4458.495220672219,8657.974292925082,7265.793499668432,8733.536097193124,5332.501672909105,9621.603337295808,1927.9401741738968,3306.1235273766274,3771.0317398362513,2049.276335368215,4777.924527503417,3845.165408866648,4470.3931355793065,6721.609949680746,5053.861207508399,3268.414065440243,1012.0060666946544,9702.61170913546,8440.567609251315,8335.00336933005,7379.834517502132,1241.5096798871434
2025-02-01,Entity_3,8206.931068411279,3599.125297757549,7827.438539460596,8362.003376953984,8077.910893674082,902.8084971826485,7519.9872357559025,9880.913811946642,8559.595003823399,6942.336137730855,9861.576133397233,7704.783868691029,8917.346788289877,9040.468692607094,2808.912630750211,2442.949867343227,4714.964038693842,9533.929053214855,969.5598751522137,2242.526259072665,7731.669623526883,6232.720201140317,6109.049789277486,4194.669089755291,2714.212924036854,4738.959593617801,4710.234187000702,2395.666463103565,8202.357061079745,7519.294908202355,2551.112808703121,1021.9618173478941,1675.7054097453906,6524.978088960301,5623.593641274511,8859.416656245006,7705.5228781645665,2235.200530002345,6970.5296795448885,6880.847074341928,7142.839688410841,5649.507585430966,6107.043968526681,7560.8742991373,8639.857942521465,8764.553571723447,7204.942540979611,6886.443096256519,156.3232151329773,4155.333513525952,1464.2566755276055,3479.3420162126768,8288.002661128807,3065.4027711339627,275.0242560328003,549.3218302421412,9870.103660324574,2268.1660639330476,7693.66859547013,496.1900581370325,8120.043431863777,5221.815682756212,4239.392222794957,973.5602524659928,5141.568179550106,9740.228815588142,9840.596448446073,1841.3192368761734,973.9372329968459,4549.409857970399,3029.959200670132,452.3736427522069,1912.7497215495864,5957.754158844623,5108.036572258068,1055.6276668805187,1640.320059972399,3016.1891038046447,4499.286161002568,838.2847800297169,5384.564566462751,3538.7085993043324,4837.327177922114,5657.81478101801,949.5623613348129,6668.607869589489,3357.6240864556676,654.9086018223065,5240.046088011081,595.2559710676182,4734.0230729183595,1026.444540394797,5207.1361073072585,6751.630512857128,1208.387012280904,1732.761760552927,5785.976078248517,6624.138067303068,1348.4628979210286,1033.2407515575383,8578.270547510117,2943.8495953958877,3127.3668302265237,6883.12045964863,3876.232553907839,1577.0955937759306,9288.177121278253,1643.2841667107186,282.3254295834749,6334.408648368442,5594.552131282114,2655.390091788406,6452.692410202891,4736.896897474546,3162.4643118485724,1437.447015991169,9793.090078542737,7290.245578305085,4401.006513275434,867.3052623489011,6684.056440710324,7897.619553700863,612.2713279921147,4432.014750369282,3674.4967326392953,521.8624684060571,6194.700479042027,1715.7290802985005,6879.79127090745,221.90935589098467,2222.277442266783,1280.3994696369941,5484.393906804922,4006.532468607208,2683.4886804167754,3807.2254196261188,4914.545258311659,2013.1637938148444,4550.415798182262,8290.74205949868,6557.515229598224,9718.155186782473,9477.519384503295,100.42515430278284,2370.6043413874745,3431.650913398416,3866.317615939363,2034.7561164104118,3189.586403321987,2460.646665173714,5597.294849938858,1836.8306640681474,8785.049022513977,8126.723773532206,2746.721408023264,6512.677158431043,3537.4938444890217,5152.29228986257,2433.5336401904724,7664.343583879496,5190.895974997628,3109.395239149392,5065.7744080473,650.545955181472,2484.3052456052587,890.421422650502,8068.871917624987,8343.020723061754,2991.053685319067,1082.502008409639,4533.555360832155,7835.099074587473,2357.262139418845,7341.836565621458,119.29852825216093,4222.432720852692,2849.7351218809204,4156.66458571128,9517.80340356637,8134.195400589855,1854.2899015951534,742.7149364303485,1547.5119868636916,4034.6859628374323,1773.9328276311662,245.22113306209587,4220.834832210712,2370.5222618576713,2041.2939747476473,5612.3038922199785,3238.476373755063,2410.8895809630717,8600.000762823556,5888.722071397645,1550.3822973931938,594.3719614422669,1738.500472805766,2484.4098930045034,9060.723881906437,133.84698311557207
2025-02-01,Entity_4,6025.458293995954,7367.436349203959,8134.060582123712,2963.721719353509,1735.6277139503172,161.2308017756764,6251.3120799132475,6395.843598898927,650.9766381238948,7214.297855130288,8108.17813700493,1148.6305384523662,6313.889385003421,6104.210464330317,8934.53039349478,9363.809573740102,9509.15532352199,3331.7782886592427,8311.891286272426,6925.603135436121,4115.844250848077,6442.573443810129,5278.451585669084,4988.035150581299,6413.525288258989,7049.5634957215125,5666.224721154885,9725.961778206138,591.7083451996318,9260.668507810542,6614.326568120442,4463.25309819237,5310.584593243503,8918.921190466768,7110.84193742676,7258.4468914202735,3027.783757255877,2867.097443224422,3467.486978005021,8942.741504539707,8666.578349712237,4507.133632965582,3300.2738437422204,676.9099945359468,5054.903826493123,9982.340211099017,5826.000363303141,7563.895802387615,9198.798615726078,3923.341233534051,1509.3666255884216,7857.403264248355,4617.010997880006,3418.650608842619,2266.8045892105974,1038.6053970045423,8395.07831413458,6250.273703590712,7221.587206374733,9300.10352619385,7541.267500878852,7985.202303639378,3733.6541644326926,387.99256000763046,2249.816845306889,8539.102949494445,1307.135674866028,1440.549077383307,348.2644875553551,7674.851770595205,4523.435484937592,6007.6732254952485,8538.346841518563,2030.4983655797585,8889.309146202835,7654.045101588409,6737.911048147361,7701.707588310694,1323.177553452515,1472.3886129648274,6478.445071845043,9543.756953618677,7934.488909902898,9820.712069555251,4679.452020568876,586.1496875642076,9567.297756401402,7284.567390421589,4617.024976282626,8186.9469833998255,8249.541640648637,3077.7483658647316,2043.1550685828615,5330.415927647266,9640.506059475942,1042.327740049453,5092.1436102413,3567.856966088655,3256.6909867537697,9140.472867238332,2634.9438666739256,7448.643836969101,2642.91479335967,796.7321481521012,9808.139005353232,2169.8900357606485,683.7431634626636,2171.257192457469,8225.865921494704,5188.7820894407305,9471.045807122522,5487.781271449631,336.9110229568248,9054.609607626837,8338.900293260276,8121.029777480864,1100.8344723409743,3538.1278288815215,9146.685521427351,8480.695249158127,3563.3136656805304,5282.393898892735,1699.0662160495892,389.9999076031388,9686.41765390893,7977.296680016141,4272.004542990457,7503.291280233506,7641.890235288888,2187.9701786567393,956.5632967702427,1566.4561801593675,1115.4291582771348,5339.567941038355,5956.182258074,1502.7840049419056,2821.591534052494,6879.9661828214275,5364.747328302702,236.39574014860096,1517.6315385167406,9776.36789497247,1441.3584258302583,8735.491847548103,7404.253387707866,7807.183901927973,9578.311399212243,8105.387120050159,1216.8457993611178,8860.031469120406,6209.07505612917,9440.080715940892,1776.8428680795698,5448.287179093293,5097.657770164864,7125.869245950807,9703.556826705404,1433.6337168708428,2454.460086858269,3526.827534453848,5150.788924604301,3322.861334635529,7323.999097904325,469.3104947253755,9707.503404972578,8031.188741980283,8705.484077633368,7971.730764453003,7652.429461863167,1128.8607235912655,6714.379225069901,2628.6813886226455,5505.978263539874,7027.061168896342,8221.739105102693,8789.787732656614,7515.794677785545,6513.472868303996,4391.243168227995,6942.964651194401,6120.5959782054815,6962.6808810787625,6154.571579885032,5049.732285269069,5955.50858262477,8689.35143640439,9153.348194917542,1216.7857804002788,2268.524034049963,7064.62720128822,4656.894050290752,798.4943124195403,7607.330525019511,7575.270739943938,6674.210538923225,6905.34201060484,5257.785639733458,6062.480779130789,3816.779440571169,7233.171214653643
2025-02-01,Entity_5,4316.073824242324,8824.92704479229,3605.6005474447647,292.39343410734,4149.901948753998,7055.326124634219,1094.9458866595137,1512.0260518541102,1261.3714366448517,676.3318296164853,991.692723450353,6252.5647551717075,6713.88383983453,2097.83234030098,8701.495081909094,793.5188664445886,6592.857894130022,2136.801873789641,2038.8090393070204,2257.076741680921,9920.249635440316,9450.950681725455,8055.179972543187,6699.602972074715,8243.305797973106,1528.7767770469984,1138.8973939302675,4020.479511646959,9808.343591574003,9117.367184821294,377.9605198170885,7701.5748595176865,8383.398336978831,4705.92467459635,3664.2494268325554,5740.330256120238,1220.1744292608028,1529.5123823374047,6203.854321854598,6052.366870899071,5917.298668532579,280.5169674461756,966.4268410064899,9261.031874904958,4796.671645861166,7529.108039999483,374.9950817709554,5627.006502113115,4467.032046300498,281.28476562756487,8855.392554816775,4567.087350109405,9635.698718446705,4958.965043426816,7598.353884940678,8236.713688548869,4899.033061041629,6406.2206771650635,3900.6193079138066,4501.929540203063,1515.4254615050795,9133.998881302547,7526.044981363295,4336.63890788257,8375.592962264538,9261.711980389093,9308.62566889536,7372.199666475057,3520.2133408097443,4715.74005998346,4775.347134898286,4628.9339649573685,2786.0846738082896,9807.224101171832,1612.8408478170002,5224.204819289644,986.488819831202,5843.239496563479,9492.445190628288,5468.5180602053,769.7061977923403,572.5032139010391,6919.729088645177,8620.670174303292,8781.418978068903,5984.743723330163,5710.434187254166,6462.022567066233,1788.452886592595,683.179140725374,2807.324058365179,2443.569512997235,3599.2047223617183,4519.582843702315,2977.1555621161947,5960.449641200326,4795.341977953387,3745.2390949180385,3348.0299518749584,3601.7786596178553,128.23011794912776,3011.144218286893,2949.8041664154102,9526.131335119073,1785.0173351888086,6672.536926768599,9145.537169425197,4648.960695460632,6344.775024649536,4850.351522845502,7723.220460756815,7385.063985456846,4455.38278661001,686.6312678117179,3259.635367255782,2551.9193484900684,6818.4605449312685,4752.584460104488,8853.022110492084,4558.744666486211,689.4280838902606,2775.375197418812,839.9388536778342,988.422579852923,9778.053309285668,3809.4146411827624,4444.001968604142,5085.397454376587,7225.701001891845,7737.11750078846,6708.696591985412,6541.332701452696,4841.277543399714,8388.08922776863,7908.6739961439225,1556.799100751527,7382.985714371567,5843.644174999806,1904.565352689934,5126.429252117008,763.0634093529044,2055.1837783174055,3599.1979775128975,5221.001328318053,3194.112839707476,8501.545450708045,2778.269043072287,6180.108160745442,304.5485325404969,3604.0589765418054,5640.363532488923,485.14591114961394,4151.040666487656,4064.5894574727745,9806.879513520751,6798.740199936541,7540.5995923124365,2126.0034780069445,851.8399292405813,9862.89793151068,5405.286867387634,246.96373011784723,3643.450366028749,6588.696299836293,7516.661341227171,2826.277181121119,5250.449028594522,9984.518049105041,6329.469753393892,9409.313312159753,1245.1564157493672,196.31909119278444,4153.338808449573,2739.7701845781344,4181.691954392065,1589.3281187015796,3820.427604405082,2547.268159739067,355.99808191859785,8266.187156997625,6165.447880881894,2310.652532343824,8768.110099139862,2171.3247228665664,2254.9822673163176,5886.982354418612,6124.104671325305,4053.9153825675085,8047.75665294309,1198.871734376512,1728.981511998895,277.951531199819,8619.562020418327,6453.681711495085,4383.679749304764,2228.0057964398134,3129.69093240188,6799.3213922933555,7485.864479449925,458.76272348270635
2025-02-01,Entity_6,3571.475558024925,2914.4102560727993,2998.396122842008,6246.60281634819,1140.3056677039588,6187.738880667354,2534.865355143338,188.43020543627807,7993.071654711675,9158.532354684596,7229.315598818462,4302.976505350378,8217.503683895564,3132.04579341375,7457.400700829102,586.2559250804696,2774.6050016890063,212.56987457751495,1009.2730837350005,4821.91106954344,3392.632597978661,347.64325418212763,8716.738201802833,2482.537151060741,6034.4563351943825,9219.191906687778,3107.22683008473,3210.9940125303583,8109.511181964089,6406.159858058072,9705.355913233796,3134.276740072498,5832.494540927292,8637.015444830298,5795.262026268547,6784.146717449376,5673.817300025528,5357.0717228964,9664.111130213785,7787.923182448834,6995.191092800074,4471.126341328314,1730.4965741689741,6799.282915766956,8104.166062319106,433.3383431309158,4812.282431532385,6263.278369176369,4971.5312162455675,4529.14548352661,9198.722796928936,5720.6559018502185,7601.2523008881835,6010.629494640693,1418.9291914979283,7634.968662983686,6383.46485126589,7480.083350795552,3538.6940214106507,1810.9396864149262,2821.1281724753753,4941.3650343583795,1056.1299142908842,6585.973193080259,839.735423448147,5560.371619066751,635.578482363339,777.3923611431819,1160.3778527318034,9171.702352603434,3123.134333971367,8977.58776596626,6110.955632844978,5077.596018885428,2084.1441647230804,8913.050908844452,8670.645786434186,2733.5463442344762,4041.051973260536,9944.52047084007,2153.199889478517,7843.011687629917,2177.496123592389,1848.578042715,3545.5018235869743,7133.962572003305,3410.2214994087785,2412.7352784115815,7097.326437424487,1572.6006251200683,5096.768252209499,6370.562706599612,1258.0680679465847,8774.01309723149,6325.352518346728,4630.695140504982,3162.072850070639,9545.7747254314,1339.6070278076575,3520.8135011963163,4807.418413959788,2450.3335015920597,6287.29664017573,9282.237146875143,899.1400573594494,8574.75389780262,3414.621033136504,6776.038678088218,8359.012888590234,7690.913516017132,2880.50561204304,1915.3573198810052,5537.706739909311,3872.453757084063,9245.153515207005,1608.1315739952704,7384.779854139751,2025.0113720149516,503.5037572866066,2549.3539403482855,2810.502746778488,5909.697689117888,6635.25334617697,5861.5646466593635,3349.88672880871,1958.8219325796858,2232.06628525202,870.5080410560882,974.8343893306219,2206.5770810598674,8932.364304803128,7181.485833161468,8932.945111440771,9137.296024996283,4263.138086470389,2978.397627878258,6101.106704839046,4436.093472601004,6103.248012268922,9034.565295868548,9310.007062296674,3892.550532434569,7835.115156706054,6478.757436768531,2036.416065415981,7771.950629835718,3055.283456540758,6911.825912581503,2231.9859048882395,7876.648651950582,4855.846365738159,3472.8523266809957,198.30489843682238,515.7115510397878,3487.3704119422177,7053.384047396694,1110.2783452586068,7515.296714303628,8389.573560775287,3341.680395743358,6487.562804046107,2265.2595677941126,7370.808094547942,9883.379368976775,7474.177168312686,689.904193154824,1993.604554384004,2874.699672206966,5246.522531823479,5260.7205632869345,1891.6972455137509,7777.958808416823,1959.6158021764102,6045.897982807696,1229.1794070173114,8472.23008802814,7447.557211587688,3031.9149888991174,7450.186581386044,272.61544980710573,4223.3165549121,1270.539068214646,5855.798565645053,6942.587953098455,3883.167933298252,5553.1429550678795,5706.8856052966175,7153.150642418503,3037.946426804285,7570.295740463514,836.1863896909925,5933.760043369602,6925.361674996068,2501.1632291981464,5441.13016110413,4922.47088322272,2128.396187932083,1419.969860345028,5284.457652604472,9673.657109028009
2025-02-01,Entity_7,7182.6288450733,5678.662489902108,2520.1773083944577,6422.073366732569,9576.815621441632,9399.333405728687,6356.398082490044,2262.920471203622,2315.7650016783427,5230.231994035199,4733.328255175465,1573.024279560796,1094.3083993765897,263.38310502069936,6197.638814254716,4715.94804368306,6685.293079475422,4043.2877241883184,4354.496497316714,647.0195944811678,5156.773821446217,2482.164626230681,5230.603494126549,850.9517093064555,5118.112131855757,2864.8109456385987,160.21226163712313,9783.002066694919,1530.6693739322234,1077.7289780515623,4243.410834592829,6626.185398693138,1293.4415159853822,413.8946431489644,1804.737791737751,215.37665309958118,9084.177779929481,5429.442293302379,7126.774580407574,6261.192331523901,3774.2366310317416,4810.005913745951,6801.45265672299,1361.3106938763035,2064.1700901618074,8238.020049046761,7619.492860920377,3260.5847847010073,2901.4931371023285,1619.4642641190062,6321.259852909295,8380.274201992192,4281.1342241726725,2803.130629563404,8753.975236511176,4535.228209293681,7261.707701276967,4653.829400807298,1726.3470850091649,3817.0270183933353,8560.523891428302,1285.391590706178,2967.8037618840217,3597.8074554298223,9269.308126193553,8018.678489002791,2516.852885602632,4357.273636484779,6225.103552906829,5313.509770643578,158.06343722216616,8934.432277385944,5484.140566640259,956.6216847855814,5069.267132766575,4385.000743528978,171.1932546152941,5193.673497686747,3626.160000902162,8777.086617026465,913.2763695148436,6048.462210087903,2595.4058582784987,9141.724147868259,3209.4508123512533,8001.896316169833,1059.8628709855789,4976.759526190415,8204.868606455795,9491.853184350071,4604.500259276745,8905.335962574827,695.4316354731405,109.3392882277422,6009.62389428112,3333.2985801782816,2291.957340077191,6873.532946435349,4400.903657546713,9397.729525321001,9392.629855312724,6697.592982084081,2647.1744458521684,8324.162393625105,1040.725975183223,618.9136670673557,4166.04815810169,4193.90306249176,7318.850266478576,4328.936067945518,1499.5717868857935,4147.410310654961,7208.64976555457,8159.030793182919,5398.203795957182,188.1021610307032,1451.8235171388962,9569.678143878016,1669.1406980751676,7001.756957825317,7141.578739703132,8331.07207402304,8161.138926675641,8714.271133151111,8417.546861416939,5624.004548813811,3789.1094139654438,5233.206566750337,8235.379523295298,8212.390056820797,3801.732947194104,8629.809673456448,2712.115172160037,9700.865550787896,7388.114904123329,2841.2947221980307,6603.760264000025,152.81886406398854,1207.5253629884,6753.552063158445,2693.214953485309,7888.303670694825,8695.667558887988,4444.52624347423,5085.456409705525,1040.370761253877,5664.2404678562125,7957.128106575542,6542.444206703678,5521.637101601214,3632.5033173916186,6575.021210306244,9989.622472914907,2179.8319073283906,2331.9498626652603,2378.383292034323,1906.6053555600738,6616.835543446771,7713.402109593611,5771.362518892544,5820.192972745493,4572.355609045856,6550.604173400203,9930.710030909015,8833.400681133106,1678.4474860544838,2490.227844323118,4242.36813866156,788.4574281670376,2624.046602241834,4773.604929292827,4140.722816625272,7275.141515258963,6131.882864658182,8585.332991903817,5595.586680726919,4200.332308462326,6005.944214676846,8189.427479339876,7732.45605730631,628.127945930886,2273.66923963756,2525.7189200378243,8710.7920890193,1561.1121897628389,4810.008638812411,5144.380432120048,1007.1711440986002,6207.615880864221,909.0468386680029,4747.869155806433,7580.109162983243,8561.060336350583,1099.2018749427443,3142.7254841201066,4692.7779475548605,8301.516882925725,6840.3828107793315,9758.127943201216,8839.261613991857
2025-02-01,Entity_8,6332.88847395339,2742.9684439312796,1778.9503989040059,4415.811904774502,5144.1269240845795,1913.6771503809553,3046.1869537877897,2083.974428946707,8671.51002978322,9975.082668415047,8154.372515639857,5945.588693047413,1896.6658422426694,4260.912303744251,9848.385347896225,331.855553599126,9022.776203304305,9290.649134187513,8507.380986445283,6992.5821310805395,8198.014953708625,8169.11884273618,7034.4852275924,9670.750758504455,8562.843378258563,8548.007507066868,3321.4498736413516,1522.9159915097196,2631.594985511181,9195.229553702273,2499.8504563607066,1525.910108186541,927.522126702555,9373.301803820825,4314.529726662153,8912.535790035414,3850.6184017645087,5784.611034852976,6404.654476754694,7342.343784905245,7613.458942986039,1455.9160529591386,6164.981754218799,8046.679835832699,2580.1042895453656,6273.171841030573,1175.4935661785814,2559.810935298882,4192.818567051447,8421.055406278512,6053.460824299794,936.8854069581324,2108.741325618857,1161.109268898813,1952.1617500897828,699.2029829812625,2737.0293446370238,2568.448080856724,2388.793202474914,1470.9479813444916,8972.192828824793,8646.835833717167,9209.921962448847,8350.125285988534,901.4505408962538,4505.377582197288,6585.960999657809,509.00150910360986,206.97510965416814,8857.929399823997,3023.7466480577127,1139.6418672211414,607.1315307253112,3852.8693572009115,2098.1061771250356,3758.574289819979,8834.722032566562,5590.815691299334,3710.9242154101707,1284.961134447759,341.4904844955089,5938.538056635037,564.2056557455131,7709.790512369013,7351.885037700747,1116.6546563169945,9168.255630566466,4257.980733403899,1535.240565686222,653.7422304032905,7580.05997805752,8025.168461715667,9125.680944439891,7953.447408653511,2603.21162931446,382.4890248288836,448.89423710959386,107.93957720479752,1799.7916926801095,1571.4556837394214,4873.176714222293,5641.754899815908,8812.904709954644,9866.209261502094,5992.471267894708,2326.131219229524,2513.6481536667957,6718.857151759967,5950.825447328833,5810.030835374718,7142.835458072904,251.9356344514863,4753.532301578888,4698.257895077779,232.92098586918968,811.6694270847876,4377.4332288418045,7093.343119385501,2225.771702416723,7011.723821371014,6877.90657022664,2651.8051529145214,2576.6455480696077,9146.406212239759,1960.680877276623,2289.761253070028,7137.202585700369,2737.7948012193015,7789.291919139751,326.28317042268395,9164.748078919398,1949.9880331616255,9949.075377925117,2354.9189619794493,8509.963516653768,8081.3645427466545,9079.451859127887,7885.478984490334,7537.36331213491,3394.605022198468,2820.3716911678634,3461.4010640441684,9907.182566732621,1718.1002166784692,5390.612704311655,9423.566837820543,277.50191685825905,5641.081987059689,9194.569118275394,9471.051323152366,8841.271951519631,7420.189636045239,3472.2559774558354,3583.822844763925,9683.606552047722,4264.893009071924,9943.11529335831,7456.025091028804,6230.406485229907,7075.464034525717,3008.7246546791694,9454.207232353847,5463.744571382162,6167.0089476557805,7816.825027429245,6001.547543838414,6979.923037700651,2956.753337313779,8588.98971639456,8504.85121634646,8244.849934412585,4770.297771482126,2705.8894895400576,4125.8706342026435,9924.943662456468,7006.486304252051,1626.155525629202,6493.269680408036,2218.1452504578756,1337.1328623053091,6728.313251951706,8549.359253743602,3165.5762213992602,1973.6768495752385,815.1082632149501,1635.8089000126022,5962.909143540819,6656.534998404286,7260.218460304294,124.54313125562388,3810.9018855935233,4039.8636637427326,4804.582961808493,4590.239873918473,5678.142806758388,8860.939103547507,1423.3007296046446,4566.808233235984,6652.4780576327685,2291.4154262558645
2025-02-01,Entity_9,7657.1325766123655,8810.10268950212,1661.9632290223658,3793.1873316874385,206.51159018923573,1548.3310560657285,6861.664169251041,6115.801586363722,5020.961583113548,6241.619340832465,6864.274087476787,4940.81918516723,239.15975733285322,2657.2747434657927,7609.3341392169605,202.89760127295744,1570.6882635563172,4159.322836142935,1558.7907959970353,3073.4687387682256,376.57504851738287,5410.052808147768,6442.2425896848745,8001.664428226659,9068.666739720122,6355.0330399777895,9936.204376280153,8008.657060564643,2810.1226549376515,4779.30079755489,7314.666531009732,893.9156566336208,4494.87227453749,5157.369023992262,9796.321206446164,1034.6642292678598,5209.482038568052,8759.612289510254,309.69827949699106,2150.1380507705608,5435.723572080463,5326.730756456321,1216.5707760685966,5133.778537518125,1744.3048868475917,2962.0477414826146,7873.33033779027,9279.957279202861,1578.1059614170829,8472.515677558886,3234.7653846994867,2140.9106187763864,7326.089663549502,2944.6592502156623,4830.543673557923,7720.725351990303,3118.7494777839456,1893.2246943217701,3093.6516483319056,6864.043911892783,991.9070355296835,9892.078608360938,453.2694454513452,5068.947622930878,6925.9125947084,7008.934212358078,1874.1513253344463,9561.353420225967,9070.443716282878,4264.591483510378,1274.1918972996548,839.239926190402,4211.9749315250365,8419.272831431746,430.9675699167466,2658.2239373090683,497.6284055615143,6891.652608999298,5169.907967975051,5264.7693514181365,9422.820977535608,1193.5633269014752,5537.431654180074,4938.47813517969,6742.2010178532755,4227.178013527088,3459.5494317065754,7487.565604912703,8100.990641647669,6625.29076474597,3321.115753679251,1778.4623433422223,8500.78115149888,1786.2506521305365,2616.394673666662,108.56247871201256,9129.455696348547,9975.887831897324,1899.1190244120166,7135.165331564594,2866.854088681413,6069.843438272596,1926.5057329776891,6129.855207334545,3445.6152993497594,6051.436923506556,7790.355770012133,5103.063020920512,5440.194840162758,5480.316678633829,1132.457707904105,577.4325882276714,5706.0595481785895,2077.844306154463,387.1574878083677,9206.446426635897,187.04859747683764,3821.378137143094,6977.7763541074255,1615.7789994729023,1333.9951016751604,3788.6660327638547,8659.726287605647,1818.64415719952,750.3231752245272,7556.822724460358,2660.303266256935,6872.656220042095,6933.112248967689,547.046197971656,3423.5431641228615,2158.531434719975,3290.6405770997803,2278.552128299947,6129.779704746421,3853.9826012909843,8436.655818860285,3036.0552728349544,9323.790568186278,9258.662855065375,9350.07697538329,2172.172720470488,9239.302911273691,964.2821461141166,6088.912319407493,3658.7217312371245,1811.3324275963103,1881.2623801039285,7972.195466607467,1712.116625642354,3681.292978471028,8686.648534861768,8357.720417702107,5046.844240405771,5289.043137084556,2588.2398415287935,877.3479011116189,3393.926465137937,7112.974882076226,7791.8516798377705,7011.751648912269,9401.007565216581,6289.412881222759,6698.976878150231,5057.278916861112,4911.768583492618,1554.3813788438695,5142.890359770382,8677.930846857244,2628.1078539119726,3861.7787884387963,2449.3510081345025,7241.046744071905,7184.230912582814,224.10234980981517,3649.3465872176107,2272.031791758092,8892.031608888148,9701.911522240067,8631.748077901675,9231.066487416318,2069.211623666532,7635.702160858956,495.93773564014884,6499.034568541767,9200.066064423989,3590.491016444684,868.1172568339229,9912.984852331372,6478.810627811092,7955.162839905082,4076.094740722401,1698.5006251291038,471.3415328727558,5530.106126971468,6978.357391888843,6443.913845160359,1006.2381584046689,1308.525391322912,1267.5129883411823
2025-02-01,Entity_10,5510.308351696799,7299.909568865521,2493.4554411157715,9029.24270379006,6095.981946482528,931.2548196403412,6914.571571764367,7787.454421424208,342.6003996463063,6037.459917010677,1109.7738297482804,3030.282522449652,5162.433482887519,208.8053287603623,7850.163350354771,5830.509863556912,5591.766339466538,3703.627065991458,7085.96562166174,3566.168788022227,2468.442976983859,7573.430590793971,5416.838685554122,979.3504666384322,3630.6468870306257,796.3699135126164,7935.2994852407,9931.818581435718,683.2100027336076,1139.1248371188221,372.2761857828158,3422.1500456871413,8300.529875547985,4685.125658367656,1581.5397262246229,3544.5279308248537,5761.4202943693845,4070.4463157570503,4561.078022858565,1898.640291792697,6712.964983862679,2269.7467180472217,4823.650554754424,5490.4846405845665,4498.988485449744,3745.9669063679594,7180.639523710302,5773.424811653535,5302.076230315498,6826.621528288905,2336.61404604889,7370.397441510197,6068.686432367942,9814.817064031677,9768.444351733375,9142.524546001183,5233.081365909822,7380.051605160322,3136.601404094991,5422.674874271442,2211.3968254630886,4123.433185246469,9566.467171846838,6666.788518194282,9043.822252612797,9539.726160555283,3947.9805580504594,8459.644806999551,7516.166301334453,7274.915478881039,3486.680184537575,3891.910833106717,5989.710779063666,7684.055120712283,6347.796808093987,6051.292675800517,9934.87205463628,6989.041199941986,4973.126194220665,9767.661124560995,1763.5989655898793,4199.850326984303,6114.188287860802,2618.0599130804057,8545.949478656941,4799.337406090799,1015.6127846061345,1298.2860475598632,671.6332640594209,1128.226174348124,1000.112380541158,4689.354864777071,9090.73009299527,248.51573216303922,182.31251732725121,7800.806902156602,4290.605430967846,8212.418416133978,6345.923770009575,3737.6169454484025,6588.347569564175,4352.350918155064,9307.232594898665,4545.524222013004,8050.523388750545,3950.9715491590937,9097.427500657264,855.6645133921312,8524.676112326246,4927.556068248493,7876.454465406099,8517.238262786248,3847.121017390762,1420.8724009769685,4670.764025580116,9146.930458464793,5022.544023049773,3135.348569893271,8579.027668670537,9008.410885717469,7724.624120547526,2980.7390934752348,4059.9207643344976,468.03903231616505,7342.845182723107,9311.170335012297,9634.73468490999,3129.4794070431653,3945.143314511205,7435.795050600813,1332.1240714110775,8341.356502574869,2348.04824205352,2421.1864421597384,372.34094781138117,4735.260705198437,8456.406581862031,5056.879374425419,1849.037061221261,2905.647351748004,3634.646097193499,8828.019010235246,4354.541292112722,6409.008759953619,4602.151836676833,4249.7809647963295,3528.3473384730582,8631.208557151831,1287.7207703326897,8613.959820939719,9764.492721393779,7845.695269202213,1578.0258121148709,6244.864696856722,1890.7562183405983,3981.9498268789825,4846.238453363818,2449.590833495542,1747.1084394562176,2745.0224609321995,5765.318531505273,1928.5657216814977,8904.476451732236,2018.816084023032,685.8625277531063,4549.224480566833,3676.2107280422415,6682.015042406582,7942.8340477636375,8974.016514197649,3772.2919586847856,7532.60125380835,8606.57705508677,2363.994030314506,9205.562142206676,5577.067122047256,4120.912410856692,2233.989793131842,4043.344691123691,1469.341743390318,1581.428318064443,5874.101902818763,8042.730801700446,6932.448270912321,4996.909449705998,8802.241339520077,2505.96321272349,2152.691809072733,7461.982358956316,1938.9898366445234,8115.745000026371,4881.85567298004,5500.897874942124,2329.6165786414863,8743.151029443057,1155.172718011992,566.7511761926504,2079.3014541832445,7474.209418237447,7439.410821795293
2025-02-01,Entity_11,8658.57104579547,5298.442336522098,5980.4082048570235,1395.9338446281715,5124.282673888754,7909.481074155056,8977.844081218233,5706.7107399261,7511.291647135662,9750.79698121666,152.59971438332286,7703.3711361026735,2665.3021933341042,9090.926289266925,3702.3106538769152,6428.1669791954055,3965.6397384955308,7184.87790703605,3810.4154099734674,6046.435355708453,5799.174668988767,9878.543389603561,8080.225213813996,4693.194180642055,6073.221110534404,6231.793136925314,6643.252641661756,6463.652485521979,8871.212847154187,2548.213290687974,3076.0284341300635,1281.7674027857645,9549.997688653048,2507.8694871718385,4880.516094655725,4653.684813876373,5896.656927634436,1715.045624321404,7746.057461762583,5873.202828051939,4904.09336901725,1797.2675520206344,3600.48003192981,2164.3821998868375,938.4052353044965,6176.652066812762,139.19635090173597,6233.751347012806,1029.9985427520753,4820.398099827693,1740.9666913504732,8737.014253104968,5793.995467603455,591.2416980285948,7892.265187956406,5579.012002491563,1786.2475979009241,2644.2530002327667,9060.148770420486,8617.021246673967,9964.789601257578,9391.551107853824,2045.7970663347744,7770.683204984968,9073.579997163391,2504.4227056652994,5054.574624708979,3447.4147788361474,4849.80993099225,5984.468920060495,8194.136164887157,2000.080136652053,6019.493108855859,4276.8669501048835,1809.482495953177,5427.995116342155,587.5902519845476,5920.566513416201,3780.6606037565425,1538.568979138079,4548.545038714922,7644.020703324152,9739.791294833736,8305.758840477694,698.2066702952766,9863.6724431887,3016.2189528906724,9654.730967405692,5717.07250297759,5429.154365279091,2243.941042021834,7892.718097796133,5175.375562374037,5244.360059890654,5433.462520604407,2037.086767697726,177.21656020191702,6422.96497293594,7234.005603127874,9828.829953387347,8083.14719622055,2620.602548540302,3068.9298338446483,6316.445043333515,2951.839182410625,9341.360221850327,1385.5308316239,952.253334162539,7523.058326406601,5917.242454881569,1618.9490217110363,2902.973663356479,3328.466422092071,3878.7577224020515,3362.433856256979,5781.065897228891,1298.3631522653563,3293.8831342230737,8638.284311774389,4343.9158064972235,6678.717334285622,3317.965350180196,6170.402550003824,9452.293537128706,4747.480092594338,4722.871771329657,3648.461664938133,1476.8856926385868,7909.333645742964,1460.5431400097295,8054.428652950266,5007.203288702102,9802.952778043144,7597.6820855646265,3400.05170730879,988.0527619058471,2177.649895506853,4834.081265687586,4615.625673176356,2684.3586969164753,6482.387643813421,5268.927800167671,1634.9740950074295,6627.514065940288,5960.58865796687,3251.034583074686,5186.085993798534,6227.589131820156,3727.6354654402085,8197.723346598488,3339.487998347791,9503.687859228843,4295.057750460975,5422.659475973351,8267.755629833599,9730.646211860563,4989.6525132833285,2234.4620237878794,9595.536612177357,1145.509428266345,4545.207897409101,4168.776783208134,1527.5413567390083,9035.473312925078,8407.742642683215,5292.106955853053,6316.505131387524,2685.028263176518,1112.318299644493,2683.8328203880483,9131.129991253563,7000.898909066572,7009.198455408475,8777.515789184783,9907.929533773484,2535.1703492354195,4427.805430375744,7231.109559942419,2655.4523006695663,1519.583053191452,5367.743877017631,9357.430679895773,9539.010594040818,5982.628504091497,7499.256997367041,6298.979943107468,923.3183383292766,3473.92805266623,8329.110126380456,2281.7877912325744,4219.143007142945,8849.304882885503,7272.380436883212,742.4120292864819,2089.649258607643,1362.8029986091892,2789.5659791291796,8231.095628086681,7449.549292734287,2852.368011850145
2025-02-01,Entity_12,7426.58472672785,2525.769649167931,8974.341688921357,4456.88981296255,4578.048753022592,3678.8704894782477,2127.5444157783177,1243.9891115283174,543.5662312436621,2395.3696334332144,2046.8574096671734,9158.120966769953,2770.596305057368,5932.28919390692,3405.3409762986876,596.9079111668658,8735.870647967973,3393.504355561175,900.8579198756656,7942.649122334379,3501.7165403906097,1218.8522536399805,8488.869498608505,791.1013695264368,6104.651531127512,1126.1945696328746,1879.7704886042038,3371.2643828819155,2536.4588357855846,7848.971820452608,2824.814433106987,7647.5471819596305,3838.2031458189954,6853.386713446975,5324.809495207062,5379.566297035173,5958.669587759507,5396.173730078482,5298.0888333210505,9703.625900043151,4114.152233702344,1338.353935382459,8701.597158660272,847.4682880372862,7317.872277803622,1754.1353284507811,2139.0217363982856,1293.0198167535862,7233.621253786825,4953.382179115529,1060.1187619651091,6259.369662520281,7899.5678353326275,5068.654397162018,7354.942853384451,2848.198137618465,3450.8442167943226,7948.942177248511,297.4758017101343,9712.325617608729,1828.8155493705103,6275.618680552538,4304.6973919530365,4547.365165142455,1127.4902439413456,2354.669713457627,2050.728811344067,2151.063048365932,3316.5153440940026,4453.709702900572,5564.168259166434,7810.795000969222,886.0985716457377,5085.060543000079,862.9486714649254,3008.5313773215767,5421.673942165029,3577.617048252482,4040.7621461449767,9028.054745108582,7565.027195585829,9884.833531510936,1044.6442962265655,4119.382543175303,8409.634524769332,1261.2617528453704,7181.032661639682,6934.530143590501,6475.120884926166,3294.9934354221136,6613.292510372626,4366.067944286867,5654.573867561112,4123.624522212711,5518.510854725119,3739.8866588955293,4586.846030155323,1056.8352516960922,1944.03948950617,8826.941560249375,6159.465529554675,4102.432882456847,3814.4377949267605,3626.2566054806653,8980.977833359508,5227.3351033875615,196.6729772015622,5863.528472479352,4292.831917249229,3159.6134944544647,3893.954042026628,4551.042311416683,6371.504371426711,5798.717070266875,1965.6215051236077,3660.7423021896548,8371.496576282334,9919.323693337656,1413.064941495572,6226.9547665892205,975.503351716043,3270.8499032153322,2699.881689592447,4742.729334347973,6142.123419576585,7549.015882349483,5916.4374723644005,5661.259458004561,2465.1873151410996,9307.05200476904,9880.122113275374,8761.404950655042,6174.795170382773,1852.0948082017167,4535.300443380183,2152.0345798878916,3223.0377926277984,4123.744884478374,9885.728325479568,5438.999420102183,5071.765429453446,9513.94041328076,8593.39799682831,5330.286088308274,7480.6038842634425,1198.753327917618,8237.345849920075,9306.097266540692,2970.7769952082967,1804.5725646732678,8182.282099827665,9633.259253866216,7149.811957865543,6427.294349204979,8777.523088445674,8064.655193088794,1380.0135607367217,9739.044417568706,8305.098591909686,7139.616814044694,8071.196953673585,1864.1412230176734,9713.156670824976,6260.485523085086,3142.4149170729834,4387.35987254734,9883.178325177212,2192.579032074389,2636.726693988641,7402.380110289189,3459.4616567820085,7137.83011662897,5498.868486726129,4691.259194721856,1799.1984941832234,9246.832591536371,6554.451544561525,9677.242729345613,7703.072508960141,8549.200906020105,4392.3119906845795,1915.3762994844653,7380.557422680944,1585.4170553974723,2134.266802314417,4687.086346481009,9250.142286993667,9018.009955810798,4694.082004902617,9496.979257922863,6323.485889690103,4037.5672602457776,6941.138656946757,8288.303643743817,5064.24668647244,5330.68576535576,8846.797220785575,4293.162114279728,6583.319977888991,7987.532164208404
2025-02-01,Entity_13,4834.175233191715,794.3746261855575,3429.052427043196,3508.2462349147786,9513.772838572626,1976.4308579195329,865.3528876840406,2892.8489852819857,4902.478801616081,6405.091328203165,5262.26251779403,8318.724171908598,4377.839097869833,3238.5092305876465,5740.144247329805,886.3158849566203,136.17903041591438,5596.83919966226,6899.695094313089,5530.756367187007,4124.248468694376,117.65177902571986,6169.266344177552,852.2947720281711,3856.1622839532088,315.55948344419505,5092.451352072852,9923.34839673153,1584.3454099099192,1470.206307348671,9147.771828903948,497.85520539055796,3184.2114691305615,6872.566524195136,370.287494262158,4257.757129075854,5295.361998438904,3655.3574385468555,8190.400376904021,6408.621363646518,5995.336024345611,1158.5518794016598,9550.06708797268,9590.21270745398,6022.845935226314,7149.579553336022,4117.530017654199,5581.247071506248,4746.144157618949,3591.9400683220674,3161.646001892964,7140.810432968335,5574.104627749675,3841.875164218302,4361.1691085587745,5997.573406634664,7129.019905339194,5664.7906385979,6556.984748499104,5631.120575744017,716.9489901338034,8538.937481351937,1881.5168946067668,2737.0831031763005,8385.684713987373,251.07150259767397,8342.623860869473,5966.55484230157,6037.242535583726,3446.8386298964115,8696.434625994358,6361.777444378932,2024.3979345030539,847.688587847264,7628.690740304076,6075.830324099613,6589.287406268342,9163.26449689906,8194.555928328547,1239.2409675073604,8946.610999720257,6176.56686301546,9285.792131485623,1104.670007108197,8855.274228318505,285.5748646181454,3435.3376596068465,9484.349283921792,6862.240412167981,9363.511146268902,532.4149458460081,6371.9243289349615,7932.283943271082,4785.835400447606,5676.696769964599,2570.867877023571,5391.090111649545,6607.273382892286,1989.020674113927,346.33828032257685,8483.921028347306,9041.094530234432,760.99011513185,1123.4534333198683,1162.0955082591813,3420.784482768566,1192.2896020103947,5051.074237253684,5396.3919919990885,5423.535696768552,9671.984949399153,1904.499996813985,6133.754002332239,4928.534924505872,6854.938076193146,7441.252110226115,2204.871093993329,9466.44576837144,4510.466723582989,2833.342168430396,8062.955720077817,2548.9299197444248,9072.51875475057,358.83140144437834,3707.271250028498,9437.51364345375,6901.0454446813865,4761.726993270595,3363.522281538376,7334.53170770186,8439.663477915106,5460.4954932667715,3372.645115263757,4631.117733447129,2153.038919780455,5346.200188375225,3952.4037633506755,2527.4774908333857,9199.269894979,4285.507789399971,3685.51915879321,1669.4313622721463,2014.33198948515,9970.365607440346,4290.618356255385,7947.277385612115,5494.977148199429,9379.346631397892,8579.196579509873,3101.267851899323,1429.5110545078871,9093.27399820137,2508.8076046038377,7347.70753750256,4407.288106529986,9145.068382858557,6656.1481604391865,5117.4335763893905,7341.664945930124,9364.652498090347,7624.999573284912,9989.357821365254,345.0131449267111,5140.922775686082,8814.469150937915,9602.627612251952,7589.904472854515,3002.298686300682,2861.6996531039504,5795.241823147312,1052.7433729461563,7409.317437698585,8879.72878247887,9497.003557180888,5034.111594036896,7874.27990212574,3368.5063045268184,8679.438798382582,5287.367986048543,4305.272835408081,5232.534908670591,8578.141470771672,8693.425746152947,3410.7791956860715,9209.957205217195,9223.989363732517,4020.8917566266578,5370.287446369405,6737.959261895661,7627.198845567628,2416.4319745950884,5171.147166850893,2454.6986542197237,1562.4456753763232,7535.798155397845,6596.756001367432,3782.63787083428,2913.6058727019376,6321.051825502114,6329.7663418409375
2025-02-01,Entity_14,6890.050099922188,641.5194631081791,663.2800160461137,6077.632321220851,5249.263237614021,666.6438135520871,2585.657398906413,3713.794942179803,3749.4317777117353,9559.679485386849,9968.328455994964,9109.941356278101,1151.3081074138993,2346.977036178601,8126.776839452643,4501.4720517938495,5303.772301371643,8243.834745366381,4255.199414865403,5286.190386295188,2936.4497186341805,5825.176873289445,2846.2802087008145,2676.0416434340577,8684.45960777379,1568.6113047360457,2536.2782286622223,568.4010015830356,7696.7929433521895,4231.123802289809,2778.9678854252516,9831.536881500333,4435.621323686464,4649.605672328081,3697.5583339060363,9811.986461831528,112.23851320401332,755.4820550806298,9600.967312888624,5732.793048001809,3101.6114335731972,8804.094456726876,7580.708881787015,2265.8848315537666,2692.0007823417286,9099.683714819308,6080.429197360591,6923.553871847291,5883.997564715396,812.5868874000103,7191.375063128637,6903.084179099235,7069.22652102145,6619.067783293262,687.8875388162083,9502.270739102105,2345.441137667282,4602.520472158539,5894.107186265949,1982.8191818208882,4886.58878971731,6680.692787770372,8871.535042508127,293.06803192260384,6983.357857063497,4121.981943483759,9408.939491404863,4327.707810175172,6024.308124949893,7997.494917928711,9812.12101197596,304.7756694308662,7379.65495918094,3863.3416120268575,3784.3663586894236,3778.9721733158026,1262.4598721771204,6268.229967785907,5382.228153854787,1240.08143844941,6841.623623023383,2002.751427279739,7766.087489247604,7590.189856656177,2491.64964478616,4605.431917595515,1444.7437012360574,210.1356595214137,6386.2532892511945,6238.525879783218,9740.504256634567,8403.970309983146,7768.536113266822,8988.522466973222,8813.604563158877,1441.2127013437525,7692.122868660488,4560.325650872456,1834.0061903916658,9690.89883242609,5356.630009791899,453.52733677748006,3462.472756918085,4886.15649725128,5188.835047126834,2110.3426410303655,3557.487727050556,9338.220418305309,2898.9927889075925,403.7471213259612,553.1021671394822,7787.6158605955525,1133.478317000535,620.173193723624,8075.574210454329,8841.518773203374,6206.7346798455665,3696.949101110482,3489.290142096028,4907.271941011556,7330.082439584315,8546.794502910265,7864.546639765084,4301.833321913883,3132.086539970791,3269.42808900672,7204.371184559484,8969.678175855359,452.4111802051928,8856.493304563977,7119.31494505424,921.101665908874,9307.249499931544,7771.747046212804,7023.7519225932965,3885.0835560810797,6312.6528485900435,217.06464920612748,2654.6413143172654,8303.884006918712,7621.399917968316,4210.35058090567,3428.616919961164,5139.258385779772,5930.53879509585,8426.001303773193,2255.8279421986063,5123.608488296315,7251.5724262587655,7246.2974261775325,4206.694542994801,3212.2141630565447,1469.92371481038,3886.549624285651,295.55036233657864,9964.599091270218,9332.915395863318,6344.266382172945,5766.3127179064895,6543.984530424353,8570.390686708404,9049.238095596922,8969.516613097243,9475.557702915183,5677.116421118055,2543.358688237015,2216.6359984183623,6105.580717791944,940.3867062293573,9883.433434106804,9101.210341298962,6292.143960352034,4655.034773239612,5329.691328987505,4387.122725643369,3314.080800834743,9705.492987640731,1739.051056979159,2747.519278532522,9770.520813520736,290.8103491619389,5129.636243601919,6667.6401460830475,8359.090687078236,3070.657201863028,8839.232271481234,9209.942238197671,1004.713391394304,9082.402429739868,8319.4683078466,2545.659663324738,2000.229918966348,1608.838713763614,4025.561167638905,6099.0874903361655,5790.032135577366,1733.6454664206824,307.9495445787429,5027.7008565311,7981.067254397005
2025-02-01,Entity_15,4006.4038757496173,4961.044967786061,3566.5396201495623,2921.4132752798723,8182.614774050048,8740.305606605329,9190.88447476556,6336.719868119029,8997.42910285962,158.2382624528279,786.2827427379473,2639.6394448828682,8710.792197340967,6853.561972095557,8189.179054395812,1227.2422804262892,7157.023125201806,686.8280228034885,8532.64944681969,9354.887580414776,3635.701833127923,9267.791681866389,4188.57749465061,101.85617177854516,1415.190917639817,3103.9586341007703,7576.72255316345,6286.216487638952,6005.726284328883,8874.870520174376,592.2278644724882,6720.651695056672,9622.168208309535,5857.871127156831,1702.3395821809038,9225.932192953756,322.7301603625158,9961.952228375436,5711.052403455612,5324.497008825291,644.4875726958693,4430.243039574405,6040.942624052408,9768.450933676297,1448.970195931607,1861.8215661382305,5213.72188431203,7888.036917777905,1678.0925747598205,1888.4369074352887,421.4297772416507,7609.368168763427,4452.092311358288,2545.57092671765,8983.466069028122,9961.701784917874,1119.6072603990274,9587.498802334852,937.2924115600526,7084.664127033838,4315.591458135214,2782.8141052174187,7718.787267351884,341.1854433149046,6406.639397502731,7605.426040260798,7664.052907102103,6590.5288907118165,1373.7046812370547,6702.758674563497,7598.206134581814,1730.1204299276208,4940.970277882621,7271.614674745588,2060.399340638907,8533.557489323413,7708.65091649819,3887.4234257363564,3792.5180863058636,9063.860322258959,8045.760431649278,3309.421953448918,6428.680093301546,3196.387336675562,5648.887189328841,8343.491165903857,3058.0114481020078,5511.99789997963,2693.74326748557,862.6296954137509,2186.4454166926394,5675.441218867439,3231.6025626440464,1522.4714261106296,802.6627672224107,8727.415462004308,6029.635245723532,9653.47616602383,8172.171979155492,2839.9696930743553,745.2031418199515,3027.885746256862,3877.997918506054,2864.47021803785,8218.418588280696,7466.7768933465495,8956.966455839281,4510.801400855214,6511.993042260395,4281.095925555713,6727.1938810982065,3023.98840935275,531.808044338278,8589.26674725981,1398.997351717247,706.7704668827275,7532.801620955392,928.38343915934,2492.471351102152,7725.682607647117,9753.74642416341,3559.4259814744432,3363.0449812728625,4906.5763516535535,8423.738768608533,7158.348455938726,9779.018052517149,2609.0613496400115,9836.290089949307,7982.1594136178,7544.727717330727,5517.121993773877,2209.761959711594,7911.578353068354,8259.960894952146,9742.141288093724,2111.2592947156336,5286.368997788444,1827.768291310136,6898.315827942728,5043.607435231934,9165.563669626668,6703.939812795368,4182.796659004509,620.7136735583025,6736.425981024599,6064.960019319821,9529.17216654195,6127.468989965252,6653.173847379951,6946.04489181059,7760.9509813950635,3708.393268781836,2026.50611005761,3561.8740267663043,3803.4221187696053,4693.3158807611835,3504.125647055356,5095.969105295436,3474.8419729138645,9899.492424129716,2961.540351071173,3668.5713466641823,8757.007527581667,3860.3405322566136,7928.897737971815,7125.331763296717,127.42388523394584,8928.87126351234,6140.891299320613,9014.348475348901,197.51421478709025,1820.705598813856,3714.4669194742355,8062.115795806917,2037.0373033090657,981.3810873639154,5001.300453378381,6174.032605950804,2977.848551241368,3375.6201632292796,808.5493535468756,5915.199777609637,9745.220213149709,7864.786368024687,9011.596758589323,3068.9428488562667,7249.012916928989,8024.681407846615,7746.952599949896,9053.536627361944,3714.0631101998765,8226.720396128603,8483.595033999854,8164.790905217809,3151.55484680107,4907.574309496816,9499.664689335683,9695.558261088076,9068.180998765773
2025-02-01,Entity_16,2182.800386916032,3249.451579219115,4851.377844033922,9969.28161472115,1876.310485144247,432.0645355801802,9300.453953274697,4214.023378460728,3701.6165117428295,7611.774915431425,2002.9205154350934,4931.30845898061,4240.278000786723,1698.3661737763853,2737.4326284464464,6684.536432047315,8566.729226281648,4785.349284034737,6251.273843232663,9589.423829627774,5080.1312146071605,5302.611165928557,5446.917299963925,5496.357350104162,8466.165839274476,8265.52535559592,3456.445786822796,1425.028193465775,3613.56314987251,720.1395239342141,4665.346581202791,2533.555216574737,7357.926701051464,9062.961618899028,1882.2212936903181,5531.750829666337,225.1439401540615,928.8943703708446,8537.560174150656,7412.070055505127,8374.280282290494,4878.199145894646,4203.578331022447,3192.9670752290076,7938.522709259747,225.63911176744972,1111.594070970733,4697.146071233774,6677.8493790148505,4783.320730337728,9044.814255540055,9635.739318387225,3303.3321216130735,7174.228664527396,9856.641986808752,186.55395180970015,4229.613161012996,9816.301836218467,7889.056799675021,3151.74779313046,6973.0934045827025,6175.464950997719,3104.826959593417,5609.25877746979,1396.3056094911192,314.7385716097057,9111.636771542775,7861.802552080833,551.1818650618479,2325.3484199497198,8497.589350636476,3331.4665287193116,8168.7364534346125,296.48052216983126,7060.240598261329,3104.227329350016,3496.328002414456,5606.539065347815,7960.95913724887,4492.958202257803,1505.746216655195,3788.6615683224113,1668.9899851305236,2173.316854456687,748.3259183528108,2402.4361078906286,4826.944653487768,4106.3857495017,5379.2250646416705,9983.647625169144,1570.9891238893129,9006.3234729902,9473.801781408978,7892.126663393106,7484.2728060475265,7958.153840751215,9107.113055225103,888.834560623617,3784.067975298754,9798.082908421104,6596.771329855612,9394.5734022285,5429.395346338519,3263.6935350765384,8049.117398442101,9365.72657787941,3964.4729901531455,1780.5281353931507,1229.762170572732,2789.081113888552,3004.5708929199536,411.6183427153072,6677.615365408458,832.0329621482072,4844.633242456876,7697.651800243199,8725.859102046912,1405.255835458798,3583.0626398731993,9127.427994937085,411.3464487968614,4579.873296181055,6218.850317928246,731.1592904010951,6443.276672317145,3526.089478190126,1841.507643715636,7631.080569534744,2548.382530368669,6237.351297142027,5349.579733590236,6387.737347565825,5279.874973926094,6118.3358505804035,523.3362306075492,7817.222909095257,7247.407456444655,2400.125577249238,5445.6502253511,1896.8640301331477,2560.695768487642,6483.883500863929,3129.998784442881,6023.111001624712,2682.711800470703,4215.590441698357,544.2208512493688,9311.503480497466,241.54559570192043,2350.6050804584215,4340.885014665672,4645.687759465166,1571.6451719395932,5389.687178960633,5650.880280778125,5862.403487363544,451.8455141976779,9946.98299380536,3530.7528961171583,1237.3940770300087,2431.311823662573,4293.6028492877485,2753.834166971112,4950.207291738549,4493.038220790908,8940.963628105475,2257.400699642193,7068.874879203045,1427.7713652429127,9964.78364109425,2538.0511737482875,7246.149654835837,7382.171887803744,2396.7982302766964,6306.155873293529,8335.50663793694,2527.358591364547,7530.204271484976,4187.001578901675,5462.018757749216,7969.636303959157,4103.379154698453,588.724841005891,4129.280961309382,1903.1301904208806,6148.875584887533,1638.5208706269218,7980.015170205957,5395.887698964,7239.311959370662,6710.222767848028,8441.930972326336,8065.160594164951,6254.664779804723,7974.135256040644,4001.803229163806,635.5046171269913,6401.846401855049,5800.449943249517,4058.6044799056945
2025-02-01,Entity_17,6807.114328790415,9424.539174265723,1297.8678136068522,4568.7223183348,5110.225774968998,8136.590256063859,6381.812175069525,7859.985085548833,7638.1969586351215,2694.359607676523,5812.980378285802,3738.3358928526204,5027.012597785137,4380.237376166336,7726.580564929421,6278.813799490259,6278.90564343048,5715.503154125956,4641.937648226426,1497.4435443863406,5546.792066937536,5598.0336648633665,4998.299112649929,9212.213692502359,9864.587204018053,9645.123910735845,2868.514991724502,8689.428220502685,8573.972962338103,5341.623414978055,7994.145555592233,8988.636474843071,635.6124659353572,9939.161681085525,7798.00419407553,8478.489488497731,4455.562865000242,4878.1999791224625,6775.450805646096,6839.285474398861,5863.464985388275,5048.5235053003735,374.144328539144,3771.5253053936403,2675.689470309565,4136.364809998027,5525.087750139926,4731.5424747510815,4457.688393485729,4086.4065962893237,6215.3624350585005,3094.5990650181084,9605.592019051439,8511.486840178437,2435.0365174408603,3082.9671522921635,6355.183159821135,4586.783590196965,4743.962221619968,5791.488651100392,1438.7368432058454,8320.932457401894,9681.668372317712,9461.041816017923,7688.353725322322,6556.4088949856705,5608.922309420977,8034.982043914084,8556.06783006681,2630.401135688332,8315.026022755152,3669.6047593461435,616.0101182160828,370.5495040865499,4198.358220610184,7997.194676314885,2141.138080808281,3366.9790196304107,3435.228928764961,4971.982923485223,4297.735352266291,9726.441286169967,3888.1042261815737,6178.636898205693,2685.9297532484566,9220.391443296166,2748.4732330754837,3873.7750801964767,4578.220697507204,7863.668175635715,7480.346261507708,7227.067427165749,1028.8557436358346,2434.987098565716,6840.313952259919,6432.061999959843,4601.987533564586,4791.127666927982,2105.360711739041,7214.165630775761,5993.353757918562,1424.9861571804581,5581.355314787202,6282.648078855252,6350.439750122388,7764.5039928255865,5059.384078991463,7862.14582745969,9725.938948007442,4458.482600907152,3396.1178049974933,2818.433019652022,4008.277784049367,2162.752894247403,6070.827984273715,7932.674812484762,387.101677770614,597.6394876091797,7694.711769254724,6342.107352914589,6775.226875412171,2642.9352176275806,3875.0749713614746,873.6616771672271,6124.486829629171,6790.256139504318,6582.432811934718,5441.803196675161,9706.335304521375,2005.2506423802633,6578.75054717001,411.8139446734128,451.9178607735186,8994.06322149957,1540.7646869803093,9079.753242195075,5490.762792340031,8995.94838940023,9807.186671737276,6044.227596968499,9553.847716957229,6439.389693564555,1215.2982052959421,8884.805395064961,3899.4961739848823,3368.4995924942514,1503.2548451562286,8601.401590427806,6285.619174026444,1503.2546953961821,5073.893519941022,7431.702533636593,3171.0860698510546,2796.359719115764,331.5509839454081,8746.329299959503,9618.026251531523,3034.5620998615113,293.4730632411435,1464.1769586561795,4020.492483459127,1382.8321922110995,3246.128135710267,9078.100504897999,5331.6734806718405,6130.865024510664,1123.8831221240953,5022.9556236674725,9613.017731630205,6200.416057099092,7196.822051312132,8551.259434881498,1440.036254909702,4724.510949177005,3975.234556148161,5435.046324210946,1953.136051813261,3066.122797435156,4096.2288002841415,4295.317417546406,8119.7184555467,4171.553465584914,3001.4967637340915,9088.89497841518,3851.46011712556,5010.39298401594,6902.031751833242,8856.561311609063,6037.781532635001,5970.0848338343685,4430.378612890242,7629.530194888023,4736.854851464041,3880.0488027685556,7886.35116024141,6136.674728955967,3241.910618108923,4816.799028812052,1694.307318522968,1295.9138651950784
2025-02-01,Entity_18,290.45661543081974,6260.970654703143,5085.544566823542,1726.9767912574675,5408.191552031586,5343.561264598515,2528.349196752222,419.5193436800643,7753.007203184451,4893.728381453431,6434.090567776242,5166.292238071346,6538.613977173021,564.4188027120069,1819.5521287122974,6837.314201638319,2688.6091654251445,223.9180491305379,2415.273975107051,5738.782431929592,6380.7373120458915,6437.849385837217,244.9039722320872,4142.287710322095,2208.9147572059846,8495.585289596005,5424.669439487552,3560.0214790071113,7180.571190580353,8670.803547371985,7874.269132613381,4214.232535714271,9041.442583442134,2772.759692074956,2519.0694139017314,7332.728524613735,4193.019095737052,5486.295741320413,2701.0381302623277,3122.854318759874,5325.926509164099,323.3405375656572,9710.61267689916,9391.95391991669,6633.377650403082,3385.565258859503,2766.9278959027333,2368.867705256609,5891.819936365869,7118.052169692856,9296.03948904785,9451.860799115937,5719.115944704922,9749.469934426148,6717.07830624325,772.2586505688022,5022.606103363289,9479.93586168444,4710.709894762558,5301.143424890421,4097.368867110827,4759.163989285338,4665.375024352074,8898.675088187838,8319.435478212832,5718.116319425647,1936.6949393680761,3030.1643473457325,9187.115247592086,2240.6419484297626,7720.92084332551,3173.793665875564,9178.145959039293,2834.8069232413304,6242.613227894558,3463.122843727245,6876.133507131152,7104.152273016501,7728.529140669014,5033.114219213348,3800.3618398479503,4399.593401999818,661.2240708451574,2502.9178132011675,7742.90907090195,4435.01405634154,6768.151493279129,9559.693640350153,6245.44868429124,3103.5213768133594,2719.819510855811,3671.5814432445386,2546.3314255694286,3714.3197798411197,9814.044035206,4276.2721362949305,9649.382664446153,6797.657939887651,4883.740587675271,6658.928530099418,5051.158563145292,356.4737869186403,8433.903260472167,7877.3381901118755,7150.7481978586175,7025.805149737619,353.44619704109107,532.8749528623334,4344.589796372009,6436.735518650661,4987.623342137611,7541.007666851822,6676.230739645247,8270.240250296943,1816.148631017787,6737.1045404927545,9201.799912720659,2654.183847565112,1796.6689505067236,8449.837662429445,6565.302597175899,5178.209983815082,5862.173495572207,1974.3916665388276,5324.313133960466,2313.1423729362773,5881.148511079934,2160.2455595480515,1567.6899182667178,4578.614525157288,470.9012597579169,275.03416092494547,4101.328299904722,6813.990550037335,6073.706863730006,3095.3962818069517,504.84033713046813,9488.844513267446,8959.063219902362,1807.8985438662328,1970.5854845326942,784.2276750331567,216.85968505430017,3184.8318839180083,618.7838434289745,6426.040253527015,6509.749785134625,8480.615284390153,8404.325836017182,6249.916219041914,8690.988481633784,5973.553721055219,4580.3691803225975,7045.853942879587,8071.559240110193,4051.3668489705256,7285.428625137116,395.86258566272244,8132.177931861574,1901.9460281266877,264.4360996711838,1422.1985639087773,3502.8461085689696,9033.371823735011,9556.893138362339,4529.741304884509,8285.277596464573,7177.959786709067,7333.400401395249,266.38333474949127,6508.027166487819,5944.461586847065,6274.337322742846,2571.9034751490112,2257.1075085141415,6706.776748410859,9565.685068394188,3137.069856650484,417.1240449640287,1964.8513014437708,6986.709003315675,7511.068831192422,9567.060744941278,1307.6564567950118,2161.335677282855,2748.513062481913,9150.916025936447,9669.401039591507,477.60460678952626,6284.001039599342,3141.305967166489,5312.792894181019,229.5238140486662,9144.6569948471,4881.289365098496,3383.5719316499844,8893.678517993152,194.25435155252046,6362.308962379449,6193.7893878240775
2025-02-01,Entity_19,2994.08891476604,2402.7010817643886,4931.6195802061475,4336.876482737214,8083.753397213782,6867.677780700257,7050.782436683061,5570.083588728789,6559.193133772571,6659.882995105253,8734.86576290661,1684.7570800474407,4450.960778656571,9773.435768465699,153.61108631914402,1082.2306566755062,4126.09031637566,1332.1124655988453,7846.127363777943,2737.0522176264867,1957.7257380939525,5095.051911790715,565.2098635371069,9076.593237892863,4038.8814359584503,9057.129110734999,4637.963468972172,5825.625394995944,2282.4376373949253,4543.633560530996,9923.610655113622,3966.1954709682104,4785.834903219408,1536.4452989548806,1676.8905051046927,4098.045053095456,8813.53233839009,6245.340144296132,5788.0087672452,5468.890015584657,5653.251901031156,8543.026274419137,5453.2186817298125,3885.2783343398582,150.7320698543752,4084.4145075488645,1171.4781323120183,6706.901939131376,1868.7708419008925,7239.4533079599205,2804.8641024096146,3635.7452418180937,2161.765502712599,6214.0739748989945,2359.9032702922573,521.1268061883784,9802.31929014622,3340.5687586357644,3868.3146196130892,3348.2937145556207,437.59833507026036,3841.651099203902,1327.373848775642,8743.840349005048,8101.403736453599,5681.336948291982,6652.950859098153,7819.798870212661,7740.805616380366,5102.8535696756035,1889.472955991556,5602.630151588487,9345.531575186349,7458.101136994881,1938.309559574789,6618.591147980472,7169.204152174832,5031.281161528386,244.70583517972554,6918.958335450172,9930.909223520905,1644.2949265169932,7291.935580906272,5712.077409637692,2445.6197208391773,5484.870739617713,5645.744341940614,427.22540858030123,757.3548644422217,6647.9568760403845,7893.818368898715,3073.061662594103,8261.158569354455,6987.277562312585,8959.947179962503,8712.75839536248,799.1425912534452,8310.522282234379,5811.595176940102,5447.103937028365,8787.97759087151,9186.887934845678,8911.482568673418,5286.275782114775,4917.7669566002405,5645.4735552355305,5533.133304889865,308.00745657570064,808.8544888063177,8185.696216538759,5675.346714456928,9098.749650622723,6215.2732468360855,9867.652705792554,6872.031270463236,1814.157362121013,5000.128681566019,7779.362995649661,6787.442526576957,4459.668186320207,5450.92967986547,5128.072632668602,2708.336788633996,8594.377968462506,5322.6773773213745,3210.4351401119943,6046.582533624959,2683.9835072477167,4163.476063009841,2228.3493297502755,1676.1469231585934,9231.814373528143,532.2568139216137,3301.109326502373,9569.237257426206,4242.311236948645,8874.070293522289,4957.2687803219005,1165.4719983649095,7720.265804777858,2596.651117076247,3521.482468200787,1401.2197748995134,9691.015126341432,8185.77784084887,2397.652906910263,7464.940288339319,1192.3141039994448,9236.300993455226,3449.0073259021888,7017.713353331798,2032.8616878970558,9306.901722494209,2740.509694405949,2201.630086517603,675.9213883426088,9092.8852710861,8306.190198218146,9043.74620830693,7596.498920928465,2652.82969383933,4184.522326766366,3679.921847809692,9281.960667088848,7625.064661278712,3953.2613591590825,9354.48748775687,135.48697048761963,5650.178966538519,3336.4125669308764,2321.389740897678,5967.655896188256,5335.612773678052,9658.843359148077,1899.8650431702645,387.3302621118215,5932.878820961121,6840.752078321223,4252.305605373735,3654.4123670710674,3987.145148357186,1940.3695943044702,3664.1616793314474,3136.3212088893342,6396.594049067225,5427.222132916873,8858.113494791765,6997.909797901896,5822.442817978348,9913.36574151782,9173.503262361892,7477.673103029087,4821.578636086308,6013.891724348456,7784.284551241715,6605.355279937711,9531.474136338862,9192.601629274128,2717.09353129857,5079.5097677580925
2025-02-01,Entity_20,7113.166410219234,8677.25659455655,5603.240361213137,7158.500143649717,5474.5929723842555,9111.177298221652,3969.280994359229,6303.021945126712,3055.075237551927,3779.405513854453,4799.616891980453,5555.231133453896,1442.4393503453357,3247.9863290135413,8950.899981662324,9244.757229482819,8870.343118108141,5812.101104230333,7311.29224268406,6389.029077761256,445.39333180961813,3618.955443812847,9723.439119612303,1287.4451427453416,8313.818139222252,7057.731708088635,9241.45217838344,1261.5092905583256,1125.1633990382693,4314.807979501525,8279.341649032165,6801.79156019828,1175.8253436616171,3875.0665223769133,5900.493220475345,6125.769843862399,4955.303499274623,7627.730963461145,3509.7997639294344,8647.7942515085,7831.577216551382,4893.86264454832,3809.6350649819183,196.28588535156973,1204.2661582665787,8289.195440358746,1161.044315484007,6478.050108459994,5478.646802912612,5154.726948228318,8808.91861213723,6974.754280281335,3729.7345582666385,6298.784092586301,5574.160802964979,5196.542192799131,1872.4722011156994,7349.699266331518,3127.209862227345,3337.042396803645,7335.047404014898,475.22191171822425,4429.7685192417985,9110.25412737242,3727.0593573377487,3183.0969155604826,9605.757761982748,9543.827343343783,8224.450170642038,8602.604164510909,5969.4531754580585,243.95476544845135,8575.46280835758,938.4945724747382,9866.604734811008,6159.606016080636,1368.2549072353963,6936.890870644198,2303.268684549632,5521.8212519410845,5848.214977727709,8039.557307397715,1950.9997537004913,2138.8337160575775,3883.208028019113,5167.949287822625,7553.986332736272,4270.040748792163,2641.5400557818225,6225.500189152486,2313.8635362181126,3826.641447117732,6288.302337906076,8172.727773137763,6636.351068412448,345.99301486115974,9048.709827960054,6388.324520426738,5717.728295863255,643.3110301464806,7415.383122337027,5622.897904009499,8673.19501264384,4832.824983083504,6901.9890490845855,309.39889963348185,7440.15376086268,1285.3876918446633,2170.2063043349985,8839.439795666412,3774.437898255539,1236.4477100867643,5954.040822814801,7216.885665717854,9135.721980432032,7491.893201350098,5526.922051448196,3461.6767707918675,5130.037608664701,6350.145378076076,1825.5464510172067,2587.16599114959,1513.8522045874663,5273.263462059003,6229.797056981368,3752.934918380568,3060.559600059271,2813.2932234012774,1290.3724930363576,5962.326316115433,600.0261563546492,3933.5532957563864,8811.165087366533,1218.8853760028874,6292.070912402383,4479.921578973697,3141.3694632246097,3205.3395882223917,6762.9554630207795,9794.452317518297,1016.0382652516905,999.1214508425383,5211.686433511625,5083.511437080866,6401.394156188245,3672.7499011407313,7043.682839098825,317.2817990309975,3724.8498927108003,8314.494795863564,417.62921870145647,7292.699819321648,3202.900501012565,5997.393897728525,7926.148095952947,3613.5026710959114,3925.5379720807573,8764.19821801675,5673.816870061772,5095.349392513754,3300.6770873668756,1959.4541044498058,331.56641675995536,1733.1454825746418,9971.998192468718,5219.38088202338,1494.657038706588,3553.8999754071415,2813.8591932390777,7842.441541477652,3471.7193033782537,2082.608707494509,3302.9868773206567,8170.0042537775835,5424.734502644091,4837.909780454396,4313.785878834449,998.5688645371764,7676.489696878077,3394.1758949989025,4854.734171814088,9013.417431787107,3115.338673821749,5155.190657832845,5916.971577237033,1023.1327465049045,4257.81250253479,7494.262648528654,6668.169506246499,638.7769493681476,736.0752366338675,4528.679466302363,8237.707856488785,2097.124122906719,8635.022755570384,5092.08713620987,219.75888382182382,2937.5222783961945,6788.832113807003,4566.2932107373745
2025-02-01,Entity_21,8421.530010313207,7792.828599302149,596.27063904687,6203.477242457382,1266.8224159930414,192.62277010219728,6837.975693525207,6613.907396124186,6506.209678186814,3979.308584885544,5174.917610315197,3672.5511486711393,8234.425309721939,3234.481485772915,6811.779685637892,5684.7965626432715,7557.021565662258,5705.35573717904,4055.4854807234465,2103.5373220382517,1955.8521277303846,8501.25690091887,7837.972158512261,4840.106461897127,8072.321640653364,4796.231962332551,3543.333620790504,280.3481762369425,8129.350346931795,4481.905546694986,4345.705955754113,1540.6131559748226,5422.9216012908255,6103.153584239961,5874.811394329517,4373.2388493099725,9044.492322693279,8612.74322101106,1284.5024568919514,6013.251539461562,9742.138614324003,5903.790523129572,879.5295201650289,7762.730558272869,6171.390412673712,7509.341556026361,4852.027634526195,1327.2161350290946,1941.243761751146,4178.893329123361,1067.235270991769,8533.891238215476,3545.203288136851,4188.546802769748,6369.224516782236,9517.443948940501,6807.4642108771795,9635.082985433753,6743.1328167127085,9100.6040398571,9205.5902388641,3222.931319111873,5184.675089716206,1683.812472595592,4841.424453900165,8224.359386656672,5185.661605787042,7159.010627893508,8577.690488035367,5553.221926696585,7985.525241129658,8887.912518567648,5118.574008184344,5428.120996672451,2808.9389309979124,4685.08667305315,6004.1771854116805,5895.845043038404,6158.270199663198,1406.8858016821384,8973.627294766957,9453.26816734521,8666.11255563877,5692.954664219916,6511.24195315901,7390.267202808822,6052.716531874796,4446.556094409371,4915.6540496653715,3207.7230074775625,5224.160528495666,9605.72193731965,7272.367403267294,8469.844474394591,3392.7232682129543,4114.118735875438,5854.818245794101,7987.2984777200645,7835.875728080628,4992.32955509075,5052.37226749043,6566.50722983039,4788.456206317782,4129.406714383458,5879.719623643485,4927.177221000736,512.9648891610229,3933.0665094773494,6801.331318850498,6399.631698666083,2762.805211040922,7908.750586963077,8868.326438129678,7653.704910626471,8223.021235351722,9654.51402728804,5219.168033350667,9710.17996993639,7693.177364415841,2063.606061018513,7474.415343049758,3747.5914245336044,4652.903617511052,7811.011748129392,5447.504622250371,8675.041973252564,373.9873309053056,3137.8061154903676,5246.009134385868,8064.388724595981,8073.781371115615,7622.626508683302,9350.337963367405,245.13219627684794,9460.54368022777,8408.899116424027,3235.842048978038,2545.5657213387535,2180.829914063444,9517.343609714875,2366.730289114305,1669.5966771090668,5205.832039544671,739.0211704346449,2973.5111597645086,2500.3844776021942,7430.387200736298,7996.632370170471,3359.1223902122624,6298.806874806933,8059.594390772125,1219.8431736833134,6962.6307411217,8709.180694480665,7597.423705871733,3591.280708672017,2660.870562339694,9101.48966849281,7412.614811070974,6161.738608543882,3448.205305524687,8974.910321044328,3756.1959180241447,4750.7887212374935,5939.812385322144,2522.5075605192787,8142.845663829288,4679.185243522583,5989.073032792014,5635.8787783885455,797.7554630411829,4699.444399841783,2361.720448195928,3718.3100003668897,662.2685096470155,5217.355894184339,5056.039357542559,5722.205198232286,8437.350691733489,8853.778313373261,8972.89892644016,107.84407199808483,5928.717124785154,7764.0025896506595,8374.93923306214,8748.8477644618,5371.128609426441,2232.36100611328,1780.2072023572875,470.6494003624685,6230.459993487372,5740.462594109393,8276.16865502475,7093.068390620915,8140.911102912686,1560.4635175989665,3242.6085300480745,9832.658274498299,8275.13598040774,9626.896163023048
2025-02-01,Entity_22,9020.285575496475,4311.8832841557505,3108.0372885085994,8855.645298780611,6500.676042746987,7982.1791773506975,4262.999840574143,621.9567557420916,2821.2553016911006,8048.575082682168,4044.6990379366025,9675.798423216887,2280.932505206714,6346.667162436858,8920.09580293119,9414.511135262268,5639.1226397210585,8241.528377845763,3219.2017102712252,4838.885717107104,4614.390504723338,1116.4469782804013,2315.5904796981067,2909.757909715188,5985.435463407709,1131.968360464918,9333.798288438882,2976.492617583493,2866.591533399108,9455.089946483433,2905.5109020886007,4508.976774928264,3849.6809101751282,1368.006138748361,7401.42769409676,5765.197685845068,3535.5649663026907,1445.5869540554017,298.3785645521006,3313.942446924311,8119.418819791806,4581.990949529647,4706.882697671946,3162.660110830066,4509.167290544756,183.74505581066114,4599.597485448309,7751.745515461313,5265.1507879412775,2685.550733710476,3513.118355001124,8241.150173222866,6761.118516100935,9896.719611239032,1434.3958754441387,8979.096525047631,6696.458393891909,1593.4926041751587,6470.598972776197,217.16860091094213,9744.018050800718,5537.513418847326,7848.883784120273,4391.8200958043135,7466.203958601814,1261.753551893422,6228.523645449442,8849.640259374723,4748.871427702687,8366.20207412729,292.48780193336245,7371.929467123903,6302.490391544422,6379.3939728331925,230.1481083705042,1850.8270303515208,1314.8720409752625,4982.467509556343,4716.91258737525,5109.341728016221,1819.608806684576,8551.876686570657,7701.632356976521,2287.0299482790706,4025.6124296480257,7628.556681310831,9906.40309958638,6473.408211107528,3157.4599334619334,2900.1150975031073,2107.2940470798994,9751.753493907776,7608.625858929058,2390.1956315392185,4548.704146230058,6714.133847481268,2929.9222344372674,677.4476611085264,2932.4091076632967,4514.180571131463,4581.609872686578,1467.20233155737,726.3566992130966,2166.8189922698803,397.2137660553778,4497.378938151485,8130.1618878959425,9914.40867129292,7788.599248037354,3087.772473787609,3987.5285130684474,2734.017116026546,5160.763988395226,2262.1663745510004,6052.83450719055,237.68017149195464,8121.419435603541,3665.773363932131,7803.710362975698,2091.4681656826324,6115.653000283622,1292.9508648081235,1046.5522157260746,4618.527484235615,5324.426046681413,9566.068110151498,4896.454161494365,2780.9965817642446,3335.7364683683872,6991.801127202629,3660.43199374888,3910.378404334125,476.44978428454306,6090.643416766631,5790.21468822347,457.0734862970159,4309.341673142526,1155.3999403121131,9529.498976017241,5188.059599608876,7865.213959340386,504.79976458663805,5999.8492990761715,3711.912825556654,601.764244755072,4617.207521439758,9872.603836798575,9699.908011951966,2280.0466924733278,3702.986798157713,4361.642981748491,8919.274826533943,3355.658635668562,1185.0448748738154,2720.868432828646,1775.0960765160476,5200.138869936243,7792.582214068991,7874.810578527295,5644.587124908106,4450.433783090256,4424.04647096673,3743.161361153781,332.6708371926635,3524.9105370534126,8119.417234802541,5342.786179371143,3152.434878928788,1197.832640232819,318.8498603137744,6196.37358626378,2251.699494901374,1769.5439323105159,2979.8670335817133,4970.12611205146,5446.428739710263,7771.37963778887,6975.235420492983,7294.188528451863,292.72689567362374,3757.235625749701,3908.196799673335,9176.385545530486,4243.12429167304,5540.5736761003955,8644.204773332918,6605.608161577947,3919.264027504154,967.690926305996,1532.5161836013351,1185.5276060085687,147.15335554194945,465.82491942187465,9801.781289790819,2615.1630235257007,2296.8236919104756,9429.444822759677,9987.835628002711,6615.422138418848,5085.543309160551
2025-02-01,Entity_23,147.29750132797784,8084.24666718402,4848.141433654706,3758.8675617144086,3185.653148648575,3378.031501796676,2937.687168614433,4465.7401427355,503.7797672521404,7638.730346130447,6903.142948044039,6208.474122073923,4090.64113928986,8657.183942603087,3579.2436599245966,725.2825680290184,2282.8276841772804,349.92732214232683,6789.77920019601,6455.95428415229,4618.928794056655,889.9055994340572,502.91453277244625,721.7875693936896,5529.019098014098,8063.57274630961,4575.331650929547,5291.013830964336,2965.1204133361325,629.8652402021562,7409.421787876641,3769.2936466440938,1827.0913723325884,8485.631432652825,3411.3113957985715,7392.830839790828,7547.815472606989,3815.5791829590835,8831.217695535495,3170.2472730431227,8773.222453325243,6767.507441708081,9705.66956339986,1931.045975307598,5690.582200623443,8847.081752413429,9481.61132391571,9918.036576286831,2922.9375847062124,1468.2032932517518,3189.430706800708,4118.776663078404,7278.720577484591,4345.3251234352965,8019.466511747535,1342.2921167883394,507.827837960985,4622.462912085079,7415.718392303177,3096.3013306547637,747.1673116245062,5042.419786485082,1015.0656768691009,2377.7118344336245,4835.095100661324,9402.09546419931,4582.507252816462,8488.129383376609,2269.9551953590576,5000.670177910362,9854.030366106726,2584.0628559465176,8788.368291345321,2723.0546603934317,1422.5113144526592,9576.867561165645,1671.69418332651,1044.787557246948,1682.3556580982456,7690.314551812044,3865.0234873259433,5980.714338650672,7008.851572153227,1842.5543368009628,8648.942376428837,4490.519196538949,1493.6666893858485,6071.48882154701,1810.0476519898916,442.1614153160521,3675.0479770631828,3721.00979484206,814.8161474037635,925.5200883447365,2542.5490636182726,6061.459819733234,282.10091561769775,5807.283495799177,1158.310696678065,3243.488276217334,8753.482225066253,6857.954640958903,3536.9918792702383,5872.8792060391015,6864.836528376356,9293.15839971607,3209.868922252409,9002.420088903491,4008.9926841530214,5560.8349404768405,3343.0606128650365,4410.478148202394,3777.7131410946536,744.8192967038136,5298.177659917479,4341.616506966412,5859.887134567663,4414.058884354305,9020.568294953975,6841.302542197676,5876.020172202748,1815.513925715142,881.1795488448328,8966.91154322923,8589.303697035553,7585.405744406271,3398.863423473224,9045.153066053665,4765.052465338554,3164.8496015558044,6545.670251177719,1743.2883066566117,9117.516977151708,3749.8371865873696,9018.448990575906,5060.06892181715,3913.8683474580525,5467.325383441986,1524.9268857157292,6118.159176485478,9971.130244649246,8989.895281400284,5603.976970963016,1995.233310687068,5431.205354194835,1242.8147691099368,8929.279337995187,6164.012597218703,5682.2371217283235,7327.685184422816,9304.004900589367,8077.71023150719,9540.670120106717,6622.409548324959,1865.2989438099296,5869.041234756126,2700.308935347317,8568.05559195707,2940.42191213318,1086.4011641968998,5228.904735014156,4008.722867055644,1569.2130678884314,3857.4155643575455,6421.104605848799,5619.620142438754,8018.084512362198,1309.8467283420339,4497.721156459075,3315.846426204083,1239.1724784789963,4114.28359864544,5945.393690917023,9677.392752245905,9886.67822792817,2679.4969633877054,919.2262448033819,5749.702432794822,6690.090678328201,6548.79330769704,3424.5261636286064,6932.567558048103,1807.1281419883574,8634.948621767651,2567.6143698274855,2601.315734276321,339.10549775694284,8840.673701811558,8783.23882569975,3258.1927095524616,9306.782979921329,400.9677804906299,2445.180519021426,272.60239621544315,7311.438835708791,4493.916215428808,8062.722285541725,1307.0748284093943,9917.217872060395,2836.958358208224
2025-02-01,Entity_24,2863.21832635937,5027.762581791782,8294.78206343956,6257.472803325864,3025.6495057426646,1701.8557904865581,9303.179826698975,1532.8913348169756,8936.063463152874,2471.194578002361,2443.4350033856927,3701.6064926786107,2658.6344844865803,5873.045966629571,1208.2866509129603,9436.164270482484,8104.960315310788,2531.1935883661513,9087.573742426577,7156.529144311697,2648.7848930450273,7055.6430956509475,6773.10434989689,4858.522275702612,7493.322527298427,9013.708115405798,1916.8727397613934,7422.187010922803,5113.347082516786,1789.5341327638298,2332.0810653094777,4854.93930796772,6905.778633185969,1065.863694298756,8871.313596409707,6498.210267107629,2649.9584641439706,8597.419762626201,6854.197749390123,6816.321781845385,664.2859248701652,458.42443352114947,3712.2494693456383,1929.9937775275337,5140.4288032159275,242.65588374940847,7420.595132141848,7397.619239660716,949.9515971390078,2651.3564537221073,4999.555640256117,9829.41700684452,8087.714581015441,2215.384829868227,3754.1996245618416,340.3757751525321,8901.422326955359,393.49206795681505,8305.089290729466,3702.227802588573,6301.0628998135535,628.3403240994772,916.2428324432256,8426.01387975057,375.54845004018773,4639.940942119662,2581.3437550318276,7367.470103212918,6897.072271488052,6000.785753605476,4578.059302543767,9378.753357337939,3385.620320068782,1090.5059611744468,8018.1236024499085,6407.55506986694,5161.270948867582,2093.297709953964,8859.878907194874,4846.74404992295,1828.189825009056,6931.8796640454475,612.6331053012254,4016.2364594440137,5948.780718448348,2542.427286859566,6041.263376150137,8312.852122876242,2698.3779703825207,6414.411284699443,8500.275218356526,2265.025346161075,1775.6180710027857,2712.214816517922,8731.520633040114,3842.982910605874,1796.8139873993184,7056.426948026351,2486.612572996353,3619.0793530427786,6503.930490692606,7050.421008901645,6000.701495737545,3111.7236744310358,5306.0828423583835,7830.838584060825,7256.471148855945,2729.2271056410777,8204.097661488231,9465.314845395551,3280.6198266079386,3117.8063434078076,504.21041939032574,6012.264391281792,6265.4153872303605,9700.110923301045,9047.482220625112,8718.64325671581,265.8374422696372,7278.267089555639,138.55926037730723,8979.235861007204,3308.6282540379084,5447.431222448752,4445.783438654954,7112.400450248583,2591.2924555075424,3593.149580932385,2847.4146017412913,4398.961344612862,5290.949159880836,3988.273563254843,1014.5378761093815,2356.5712354347584,4498.243731676064,7515.87268485044,9705.520580547965,4197.824262624914,1309.8693329546406,7807.612856833623,9141.519159738864,9628.437369717663,4968.390687167602,2852.488062081636,9066.454238185448,4494.6860999555765,3005.8950755669703,3981.421905234517,6059.819717129269,4455.3508578981555,8344.112842655357,5662.552674786159,4075.314135115669,3338.185236552409,3350.8426003679283,4999.264534984228,8535.24614420439,650.8862646509203,9038.066780946958,656.3122607569516,1963.7919482815184,8378.22046315106,6636.028572138022,6725.889536172926,4074.0867788382016,3796.6186234163874,6292.06419875134,5949.150527293779,2819.853546058126,8249.567834448602,8633.161839592838,559.4508031659573,5993.447790328728,8735.037887475572,9976.116296100752,7495.452597476376,5834.832253625754,609.8253496289688,3138.2500801200836,219.65679791743983,1323.129336085647,7389.995142752062,2858.201308832809,4568.213195590966,6644.582488755428,477.49189799763377,9647.882019351722,9959.887226891728,6233.4995032941715,8509.597503260215,4355.868170690487,4801.140278614358,5097.76629644298,5197.445225708966,6555.091589876139,330.36591906309343,6984.4424418400795,6719.0789635237825,114.69879473650427,2481.575118524975
2025-02-01,Entity_25,5416.856767564049,7013.577261438313,8856.126620894549,523.8700271183695,8416.966758060847,5029.75090138633,836.2367101223238,1730.425307928263,3029.978383848529,2127.349663334318,3145.359638635867,9159.008095354091,704.0918720571472,4078.6582101318427,2043.4019820525577,544.6610223218277,5323.664540291885,3535.7720411496703,578.6627413142614,8725.591059768461,8266.141001947646,2441.8719931111436,7019.630140217635,2646.295940281634,6941.737862832052,8781.996575941343,8457.132646840788,807.2481084601736,1174.529059651478,708.733575502641,2695.4852250456456,293.55516024399515,7706.952197511645,7381.648184749242,7886.534576569951,821.0066711776102,1293.156867755586,7594.805074664231,9958.476263578523,1940.7128009703977,7962.179805205027,3992.6091313617003,906.5432215039152,8926.589808064873,4349.523527872337,9762.06830288206,1521.1763745260469,7425.169973980008,5200.69086958738,5199.051895540057,6497.8518189496035,9736.198351205596,6590.0585599873175,1858.3065617200784,9913.129951257733,4262.330011437659,2036.1802929870084,7440.792695918354,4436.90397695148,8795.753547469641,2929.8157909069123,9001.530515009343,4384.980631728029,2866.2141407676313,210.56123970096706,6326.30464138521,1772.9226020108267,2631.5352064306617,8550.591793897756,977.2243775049269,1081.804073501823,3332.5863017850447,7206.235396834399,4166.60803455035,5318.482161972802,977.776762048492,604.0657326606859,5574.878348178188,5615.922912668125,9354.030453327183,7441.059527911816,2879.3106936960708,9464.244933908052,6868.171869440647,782.872737711872,7894.07082523716,8315.279927588783,5205.799831826818,7747.285482132921,4624.861643802488,6965.408996144725,8608.422747055503,772.6898091569567,3173.662786418159,8186.928003807323,249.76921356065802,1601.4518265482602,7064.027627629946,4464.441029624957,4330.038611089096,1948.1801687013542,632.7100971553956,7738.9846684067625,9372.642365544762,4923.917031867496,9380.110233789845,2938.208942844138,3274.9400614660767,8446.312292339317,285.9364750387781,5839.492228166103,8957.11412139048,1717.104968019863,6945.89193101705,2557.677889739275,9503.554018163235,1472.5584630436567,2547.71327424565,1983.1092218740014,1347.2433158405154,9728.227773682322,2069.0815242755557,3301.909700975889,4627.874637636602,7371.354540901696,9253.611170710703,7916.43176284109,3429.7717359689714,9994.108117811982,1003.8828658647726,6536.982986249521,218.68645293735818,3206.155619408203,4287.237618915296,1247.2853732164606,5186.3084425764455,4613.1727573822955,4265.462046939157,7500.365145096595,9871.804404539123,1668.3033629302718,1662.067782197351,7015.7938050228195,6830.525815610546,1338.1302014556006,4453.5377311041275,1029.463401688903,1217.2404061202662,7131.185701674394,7387.058699394711,1177.391188910996,6542.017300816918,3160.022640739994,1779.811328195474,4403.854723468195,9889.020909926005,9284.748288001605,629.6845115070257,7071.81902547914,9259.091795032587,2943.5881636345284,7633.266338932443,3035.3982781172635,7458.6523802550555,8917.330557307172,1001.9548790406295,7030.13585856484,2741.1150734444923,8147.205754147765,5723.620188457844,1368.579006992467,3019.224957262063,9702.763985156305,7224.634994386826,4938.306597864224,4320.44185173734,4890.481290467639,9972.911713168742,5834.905463670072,3541.4694362511195,8527.499638981722,5899.058503879032,4807.550724070457,1089.1838697681965,2515.372691713056,6054.146627323495,4283.871054382184,1738.6436327966464,4177.306786010393,5749.608317626836,6904.0399276609505,5838.436502395377,7808.139930914324,2672.2900402908035,8286.321477930605,889.5892587341554,4155.539571697338,7775.746757591646,247.78815794332868,6095.048903430438
2025-02-01,Entity_26,6877.213902215284,4475.635471558823,3984.6086205514757,1965.52051985806,7461.732628755545,1176.985388379969,8961.778045987328,4417.870129216924,8281.495893171514,4354.7319632618955,9004.220915454445,8277.891174541162,7525.740572473369,9741.651459771098,520.4906748995043,9664.422933433254,2457.136861223701,2012.8041900661706,5760.716477273715,3997.894452098149,5290.295174421274,7334.706412917253,963.8363689709461,7899.977701858505,7308.162238847571,7445.581910627658,175.6270893175527,6933.741029279681,1567.3999055812903,5905.649692142374,2869.2483551143605,2165.0537497687915,8764.761891369071,4531.415312130639,5215.997216855052,281.83257227654843,8271.531216155017,4280.742246849186,1088.7995968707644,734.4880357866141,5922.671158858216,8283.644985648883,8048.369977650095,1499.5768046261783,3904.572531342969,4727.719000711753,7568.862234782887,5132.814366157524,4707.852421047632,9042.477226647121,2406.8726113033563,7024.872822150881,9805.324291399453,2507.915969028257,2932.385454569821,9127.651463199676,6757.369211863491,354.1168617495643,9183.261474602534,3573.650663266676,2746.0956542857753,9475.915279641375,7767.971688325376,879.4952495293547,4933.275983282195,6038.624070728577,2039.283497692776,6378.517509540343,8608.667691259572,4508.539460979815,7148.282456101082,7069.008876847552,7655.880039462997,4833.8679324049535,7463.107062955654,8920.88217567683,6164.966350626865,2599.6174182770374,9422.72218008142,3953.656845112205,2477.4982962563417,4962.287132245937,280.79685491757425,6625.970364386452,4944.883341097168,7287.017091525527,3009.9044257500395,4429.489724480793,4135.915843549859,3423.2487213639774,5287.474454173899,6746.925309036376,1504.8790795644982,6334.90298169237,7631.383428684112,731.3963816799337,3837.2922687564087,147.6860847852347,1450.3341644246664,5092.909497224667,1929.7518439997264,4837.340936934962,8240.588101763984,5065.991038365063,9186.434828711546,7091.871854928369,2249.7498493486855,6179.210184175244,357.8634489727941,3369.4714493057345,7123.587133752521,9120.120814931048,3596.522217558963,3696.8953829850097,7704.700488847382,9256.727382228519,4196.522413663741,4002.491302950914,8169.2282283634,1991.3992616235273,4201.3538950069415,7506.242737022686,4829.255698384908,4790.695013965882,1798.9341893770797,608.0323639445295,5258.812929641211,5966.159445805245,3595.8185372707844,9078.473271097244,513.8521955730074,3871.408521838061,1264.6169820506143,6888.810302054741,3896.505168600191,2929.127268716887,4254.519999954267,2131.6729068202785,6053.201660882873,233.20553447919886,8471.393824551282,3866.2122778263774,5116.350006675144,1906.9198829406944,8096.30705607937,382.3459133481292,2955.676852697515,2149.386777609221,6095.476040227204,2179.6794162719884,9407.056147361562,3289.08674839417,1544.8964032299132,9545.800591386113,5344.796661672017,5559.838393862077,3445.6114980119137,6015.049070475193,9939.714077952342,2565.1775463782024,186.4866883080627,8795.169619799988,8756.027357718514,5091.361973631819,7288.891170911732,5247.777431186222,2825.05033946863,6920.513874586435,2292.4506792124466,583.8409611810491,9322.977913376724,8109.6706358560905,6263.704017957541,9031.313646422406,5355.512914754943,3478.461725716698,9228.856268157113,6383.583524635307,1967.6982175728176,3223.799834299849,4854.573301164544,1579.1091965267299,6016.425230507099,5421.486694616962,4454.354926617751,6112.928814535681,9751.654219401,8022.101752115348,9346.718388887877,5799.431641244265,7335.255743716485,2652.517773121736,1943.527372570499,5912.641302112472,1557.279582051689,7312.278219111628,2810.4546562506657,1419.223256436634,9654.559506317632,5284.39248440879
2025-02-01,Entity_27,1301.8578477580459,2837.7298500065085,8593.664604305113,6602.354437084703,5243.5492416171855,5700.0671618622655,7104.475232160157,4515.7435365497595,480.29064566912723,955.9028573625742,7120.888583530178,3129.340366511879,5249.073221420904,9498.20465114264,1233.1941315616118,8878.577026846036,5526.9709357590045,5900.817945125033,9886.76895598866,8157.32488407522,3215.954230197296,7110.319871774621,2065.472781794891,8701.63533877676,9662.209129107263,6351.117210996568,5181.197198094899,5106.954645803153,9730.475951808896,2661.2988276889932,6279.656376896248,2395.9275587949173,2359.8792041255633,7123.972055491683,4101.499745894707,3308.657180725734,5005.014745041757,2549.0945440398764,8577.200641209885,2789.0926457808064,9969.077649506773,4286.101602875259,9641.472505578624,207.33581526282458,6127.4617862069135,4411.607368076688,4140.051497643529,3744.232397498451,6611.25941848267,7316.689395909882,4483.412619923994,4413.297174727291,5740.042341545689,1365.602637311567,6288.666712500698,9571.206982847556,9682.477757793526,7060.921930498849,2202.66321066346,1122.3637130161167,7792.1663473731605,437.95934558871477,8971.239391360748,3985.634081786707,3832.665910759132,1533.6283139371772,2083.5241565728143,4840.50357996092,7842.484299151312,7809.9944890677625,3356.3418342577957,5984.9184099063705,2860.5122683234517,1111.5558765091573,7013.474439303404,8530.776672064385,5906.188552782814,257.9740222417248,2115.4285099724602,4948.385985996011,1888.6171012281663,9110.079071869492,3517.9228456739734,1273.955172222241,793.2262851514888,8730.728829051117,9635.857971885709,3251.513681960442,6084.383064923006,6063.2940120828625,9749.35585727032,9825.858748969003,5154.49493830529,1587.9208542430133,1355.6809378824325,3366.3914787002536,8045.689878278221,1137.6920208638585,8920.939939598598,8550.879920357424,6559.760897580574,7886.743596898965,4205.174608052001,8305.197986094256,4259.712427997628,9541.67160479154,9408.79655163033,9562.684585123909,8762.718792574049,7146.016905154322,6858.314697887151,4929.153119068504,128.1601359801096,236.50977721619972,5202.409154597328,2460.05679173548,948.4003388840758,9972.694738637481,1147.6470013823835,9934.020728398638,5482.2277108184435,1918.8887840972172,5368.319593206943,6353.613332393203,3511.2127419142203,3234.0290250479798,4289.030883761723,116.22681025517834,9384.963545893623,6095.554391828155,2007.9998206413968,5792.699584433594,7199.177123783638,116.5042176470217,873.4847853667451,7410.168460460426,3871.8943789720756,9298.19272149044,5238.954358030913,4489.738140003938,7479.15016590686,392.8060219841007,4318.8622199192405,7339.023226232249,7697.56938661334,4498.427742941976,479.7617460896044,2353.3588226420284,343.4270093203219,8027.631301811745,4330.6021303505995,9882.011342683032,1345.2449901496602,9753.311218606963,9699.553012640756,9498.618086402077,2303.8946977226233,9364.582021206066,175.68001051085818,6187.801763683436,1162.7050180081972,1905.7835358276695,1563.450822936952,1784.5986824414779,727.5429139529944,1468.2515169593562,5316.064932489117,6825.083955149861,6705.186152717029,678.3299624024754,9749.011708282409,4264.742987327847,3160.1661610251326,7715.652572741437,6624.273237874904,3371.5518879081333,1026.2207963755936,1578.4467212390316,5277.137936050355,7984.895365129307,3238.144712400628,1045.7441910527175,2516.348046116217,2281.5101544453314,6366.081819101658,5157.231029983157,7760.263664980592,6324.372451398319,1967.7878773248642,9050.418665093091,8424.239182376059,6108.6746416676415,9008.484387500459,1509.9985476131699,9382.848957653607,7640.151186122569,2116.5075788845734,2696.832507805468,2612.4824617879594,203.08850385041288
2025-02-01,Entity_28,2054.208511303552,8318.900244323067,5675.107192724963,8672.215772221818,4974.882694811829,6989.420119980774,2903.3674869080323,4595.802818454129,7783.0078081448655,5388.867418202996,8646.51891412477,8294.56008214638,3693.256020183833,7217.43365064057,3185.850152178797,556.5039719951108,7189.665760487689,5656.034175883626,9503.936252882086,7981.338431946726,4557.694186505417,9436.540603074878,4450.364699756773,3388.5241869211554,8806.556061199633,4874.540459919173,1767.0076110114048,6575.037191159417,5679.953093566443,3892.021105977649,1148.2625908855946,428.7362973523432,8639.154483504295,5779.6238512305035,7445.1460989050165,3197.5505012100657,4622.865059351612,6554.376928130952,6744.54364433225,4557.097512570488,9228.373865778423,8944.881848892875,7177.743825040027,2438.3352745385523,7433.299134293881,2124.7404408442267,9060.826846056083,1570.5667683273396,2747.6273567693515,2884.676446297875,7641.448223444892,7989.553967730817,8488.17646640325,4800.827749191421,1971.0444448008056,3637.9700646628335,6714.745174697802,2863.642650720488,5987.295639798704,7571.861641406626,8810.89944931327,3942.791946032937,8575.353914472198,4248.199549954973,4914.584740801381,5681.024533466294,3446.594727296737,8360.358639942786,2960.382957728775,861.2496749436411,8908.074802817273,6850.1768088558665,961.0763537637031,5244.266448651,6115.849307816059,2598.7653382870453,8670.498410338047,5411.5701007720745,4882.540303853188,158.61780088047075,751.8896705190491,3111.733818469701,6004.339906004089,9195.846746759064,8194.826911145541,8643.639663913938,2882.499130980516,8769.139341417776,8128.470714911206,3054.3308060003014,7623.8183801399555,6230.735200736152,2718.6912706678927,227.3902819801266,8155.5254265857875,7739.078549855105,947.0718347421762,3548.165844307008,7457.777884630157,2017.468246779269,686.4979544862639,4241.9267689484495,5796.376173981429,9804.72875998691,4580.846578982177,303.59524950458456,3066.5822106927494,3336.23911506313,514.7277861306773,5872.072808024307,9865.236042406852,242.56173485326283,1046.7041232110396,867.4294509155815,8275.832670575694,5625.857094974202,2510.7296537869024,9968.341099943542,7511.931426115547,9238.269719515414,6962.489427508544,2084.597618841468,4642.0517502956955,4061.516650525257,1918.3612231936015,8791.521380517224,4179.805142473591,1702.7611729835367,6544.893798055895,3123.708170309875,1196.1990314593543,6684.835373880695,3057.111802790962,5759.38221283679,1987.4832949450258,5590.287773476791,1764.1398908932476,8250.570967954678,937.5288715412189,9624.576283015487,860.3334934285805,4255.260194632435,2576.4540732787664,3113.3512021726137,9709.554556876772,2166.6958871785396,6981.196645581688,8881.76757603927,8241.926144364166,4023.73671233392,1990.9901348160122,7142.318485145562,1218.9871374963416,2370.677165460464,3739.1138179415816,9420.154465439942,1244.7127896534619,1007.7655493839807,4062.0888634432367,8355.420884772275,2526.5533584672207,4382.656985219467,6476.054691181466,4519.920888783727,253.29024023014972,5955.590163840426,5959.178742752753,4795.7750592325865,6311.86560950127,3409.530854159776,6181.215080434836,2081.431405336589,8756.009540708676,8366.59269843144,848.9585236115923,3747.5295038393524,5846.337880324496,3674.9819022604647,2400.444411715052,4054.820753892445,1342.734747184942,6572.991069268014,602.2944449768117,8997.12964820164,8966.951781217915,8032.716473362136,9071.502021640246,8594.625210247097,1082.105507694773,7084.204750444425,7287.358460762968,8056.978996750593,9960.277473508297,8028.8893443225315,7561.295209874373,2068.081147992326,3921.610650410808,1465.8437178354145,4654.322199149881,5181.854176690823
2025-02-01,Entity_29,9202.637094745649,729.7542451613831,6603.539578427493,1565.8232051999962,6390.63432281932,6989.5558378169035,9402.228377185304,6150.138878139785,4093.780735637723,3511.3004130258464,4137.230330692684,3244.3899891736637,3590.7220581498427,2639.55889741023,2837.717323019195,7390.871984627382,9198.465806185237,4184.073635433636,3376.392746329807,5536.525486075941,459.75041866962226,9696.849451729337,5975.7656749269845,7252.685908302723,430.22001089975146,1754.922580356674,6275.263163330882,7481.643310643814,7713.277005847542,1784.4188679525103,8700.280099339896,6418.867185624377,9555.512150034785,5408.562886450302,7655.388561003283,161.52783890313137,5307.061817022555,7314.118371079182,7982.316571338265,1280.1038010597933,1397.9047135721719,3271.4882192442724,5633.6538765033865,7828.401972377594,723.5923883501847,3876.213033465551,2156.4614911347576,8785.453486003278,7056.825364436949,8274.102408964125,1657.7811283832905,4104.029113432394,4421.752111414112,1865.9668098638633,7386.796312113724,6206.695540373035,2728.590406678321,7574.26893677565,5277.519245642293,6261.329879716488,7496.628760331226,9266.865864140276,1157.9424275982678,5095.211705688857,548.4732386072544,5329.993276033339,4657.612678261247,7400.399769076284,2710.376332076608,1084.2133263007745,5155.600384281753,596.714848658066,3370.1579655101664,514.7113540364261,7003.341382406261,2560.33546041928,8904.93850663137,8322.201968481668,5844.897342868775,1389.2861464055768,6448.516847006717,5901.062081644612,3966.633711163933,2495.436202725526,2928.2738542768775,344.91719619810203,5488.605208436984,8689.187260000937,4254.325840133294,9438.512354229724,5888.675867918638,7924.571775999167,9068.587360994148,3220.2228160332998,7465.727677442989,2844.0814994628113,706.9785773774407,3691.9510542813427,4410.457926462747,7372.793971647967,8742.679045108842,1242.6379590671309,2474.534415530322,2220.1364776447926,3117.9789167939707,4825.791762117355,3044.894089087195,7071.099649493717,8601.831587932607,8891.77678516908,6459.563224307041,5065.322421586051,7569.516265656503,8654.880893726055,3164.389073818151,5870.736923678672,5093.92431266532,6206.821863600718,4813.936684485903,6068.2477886098795,5509.407871820613,7492.679051662088,4959.942614617581,7081.040146893998,7695.593862149948,4036.1206829979255,4366.9126796085875,8182.154660474939,8047.235855752713,6508.129377468159,2236.6704233950436,5526.4646162377,3175.238131004136,9324.600274383796,5176.738728824211,1429.1922835931268,8696.680499428789,9991.43652297231,461.9090384734223,4061.390104731865,851.9042164616056,5364.6714247841255,6185.589006676747,6959.35122094779,2378.760443628388,3002.6456332593425,7221.993901071057,6352.516903131874,9247.285317689362,7161.251511466686,3894.8726012451434,6400.366643265428,5419.150726462906,389.03372091460227,3159.4380086255815,8289.757961410374,2753.9530989190766,5092.412779363188,3090.3128754710137,1190.5649269646658,4561.544247581564,4363.55593780167,4099.510856849412,4587.078165011542,279.19921393959385,3298.2805480148395,6750.721232120802,4103.252609226005,6269.165716710786,9346.690687863524,2024.2467435020678,9045.997017220268,7659.047602589211,1904.5261475139919,6065.442642741873,8718.137112343233,3700.3554631073703,9355.782532236935,7454.132316675469,6090.568486241538,2868.7399930558363,3486.3830722416897,5129.72553403141,7328.004633631714,7765.896812707181,1495.673405470056,6529.430102502899,1148.608242622761,8730.82826065635,8661.529788195923,195.05598636478976,1038.5910479437553,8694.254943672215,6230.043249179873,4120.366327044717,1507.0900395024412,8672.191525458875,8604.992586884999,2450.2301246330653,8118.496386483156
2025-02-01,Entity_30,4252.596530570556,2138.9746148605664,9182.955034456145,3753.5455230602406,1353.3407922986564,5012.699914711891,4251.476265167056,4337.2546284538475,1077.0928790681883,4294.044206198166,3188.2138139715576,6407.347918270219,8457.160266730816,3845.1415889596697,4838.59560741588,6664.557713150717,9568.376100041067,9243.290922545217,9175.090136060073,4627.542981397206,7482.129067597615,4819.025606602115,4031.8612934833523,4502.406797056757,9678.05127286909,8720.320648443067,4106.600494148898,1835.0441884625143,1681.4261138007205,4869.193682896807,4138.900069866506,7993.063370484683,1222.768338025836,6429.105130655073,1389.2735364724556,971.0944920490521,117.60612190780758,1149.1883520711942,1756.1297490727952,9146.764065762194,1236.320854331395,2331.6406912128773,6778.558907357649,7059.9374755576955,9797.426068684594,537.835669031432,4899.644360482715,1173.54689405644,3008.733658564951,1997.510878315975,8117.676907656894,6247.783893940771,309.71163738438156,7618.958104708057,421.3873470636332,246.51238183873693,9587.981942572243,2136.484993671851,1814.8394970017273,3539.6102699698104,6642.261552027778,7587.776537233471,495.0576784397943,774.0026450553672,6462.660193294585,2755.7813674992026,6096.260426882362,9318.90017435889,2647.041927685464,1029.6436541891976,5426.796317298679,1618.1949434547796,6960.8324352703485,9948.200778940194,1134.7218495271072,9655.00821781306,4203.45992727543,1309.6358119825059,1395.4687498295623,4998.6692567068085,3814.782047520037,3038.3408176683674,8930.062163763443,4397.834660048394,8488.525294880914,8795.127060971241,1720.7948327847278,2793.4118874041797,3849.3995940946784,7376.5444537971325,8070.816550499448,8920.958174085488,7352.146790313898,8217.328252374866,5837.569469584417,8689.411466451482,5556.602786155709,3889.6787813966184,6077.696453566875,965.7329236439357,5960.23927661596,760.3902378245386,7195.109533028193,744.3778199220361,3885.586090306238,3263.1411339735305,8954.66776060962,1158.6253761432033,3186.8984537652104,9014.748360043739,6632.1271898763725,996.9208737083701,6416.064505908674,4648.833895803011,7464.505996938864,9934.365156126289,2694.539386161448,6677.548895346515,5893.256948493875,6572.624220224559,4504.632516873137,3035.9496976595806,4883.839176830907,6961.384300825027,7634.222092750545,6800.532430995003,131.2066638958603,5286.075707586321,2836.6444626649377,5501.238932254834,4669.235112743307,7394.423135530771,2658.6558889472335,5792.89733328739,5478.585152497725,7210.867110863773,9956.334963275074,333.52803330880954,5941.838432603533,831.3933457880411,2653.8085342640966,2275.189268616758,188.6179130420341,4933.641942817722,6128.541280895519,7784.922757370079,226.71899114242055,7019.752938329078,2269.312254337124,182.07373972510356,6850.158718392239,6577.420096430734,1964.0012772155628,2344.0406703080916,7972.66274838788,8561.563556846691,8706.36676282384,1871.8106617511594,8332.614894863746,9267.527933431309,818.656002856368,3791.1057891596006,4648.182672967226,1846.6698072415531,643.9103656910951,606.4106201897278,142.20347307345682,2625.135756347976,982.3303644741359,7113.314121248555,1415.5980261330396,3752.4079815296404,497.3708732632166,8138.681605042664,5647.1797785092895,9612.72838977463,138.72018182223525,1466.5146832673786,7580.13539998015,5207.870224817104,1825.1423433374262,6012.299645048675,5495.474502000749,8973.397473476463,4626.594652090567,8686.121821320168,1784.3135946661525,6859.604016716775,4319.260307169527,8098.646528819677,4333.235276629238,5800.14289301912,8583.273321292034,4575.976883027545,1442.130448121333,4326.220213123475,7974.7858719674605,8482.803631903414,9210.33751532251,7059.706245249141
2025-02-01,Entity_31,4065.7423322616205,3129.2730456895906,1508.3368360914412,2929.5669790288093,8242.292355251833,1995.0607243905276,1415.7240279191208,4327.040390428192,4132.038070571345,8779.926917133842,2922.943649663087,8225.991260651703,8352.526702241637,5711.192166045112,5330.653613097113,2275.156211757029,7303.139965756312,9827.546460920774,984.1155814939187,4529.925094409338,3096.3775893464313,8083.994141472957,7641.623014308243,4901.19437237108,1219.101852474609,9647.767440763077,8327.938782225301,1375.0633303023922,3248.820287867743,743.1216660254271,4169.965543903179,9695.917149847772,7104.523632971796,3506.7614960245637,9384.529525084343,9184.382024424202,3050.7767774227405,5796.985599688578,6832.82877094134,7264.995410689563,3797.134098877597,3605.743483420787,8773.390016098936,425.2293708854852,3829.459054272287,9440.333682529807,5516.950056300822,9532.648197602704,4132.373145286063,9507.230974388305,2166.8115728513653,6279.727682719783,4627.668816813822,1947.8677585273306,2655.0798011928446,6103.930333765158,6456.357212044008,3313.805399697231,9658.826208849621,4023.1509453734284,7499.818723504331,8029.660320790443,3144.7224602091082,6303.828423183273,6938.302559479637,3065.8579664851436,6974.060356085062,3597.6186149534415,603.1239702946598,9345.761588475756,457.3671148807293,9427.035620391316,6495.352746864631,9665.160944742143,7316.411000811174,920.3796359308791,9080.564217171064,8125.774528596441,7231.401003077471,653.8615320466143,7691.102331434692,3677.899954498242,2846.9820068184413,6761.359319178464,4989.714605265391,3157.693911010543,3531.786407235546,7135.12876437209,6477.445851257825,7864.2062306462485,7312.712447788421,3473.752483391305,8919.080263839985,7504.76899673181,3857.7984762488927,6817.348584998205,6688.907294321933,2510.4985056283945,4744.184289812333,4866.349729388716,9647.151926832277,8230.436550557144,8319.665016570574,6248.858866131032,3317.7810020567276,3918.745710064593,5707.484788021581,7267.693155661889,7582.381081449282,3817.00269383473,5642.081581761901,5420.5188808178955,767.2994278007354,7780.874546233513,3450.1782884423083,6232.4288489424125,9976.137743924675,9886.162236844986,5887.7396027111945,465.95212686418,9363.852954193595,7573.693935806478,217.35613421734988,8517.97068645669,3766.4560448753527,2799.016841859894,2863.6810614644114,6895.117654713476,4746.477153543031,6269.297782621004,9948.679133573594,4430.796928966095,2344.818277396748,1204.8017505861176,416.07741447752863,652.7237908848681,5783.716060009233,8637.416116999071,1087.455796345545,7794.127109492286,3006.0813561810533,505.2534186510541,3672.87418545066,3506.5824656182954,1738.5618783610705,2640.472247409077,7274.645875165656,9804.6964204713,8262.138832477965,5695.047999253199,5612.222563228251,1662.8260417981971,640.0832085579227,2171.122691507352,6295.543093233255,1522.9970881099177,778.5770659474001,7839.642878696214,3297.6612410467137,3858.487619420434,1825.724447498555,2200.86158192654,8967.187932122499,3512.7816157846637,277.4730037177292,6342.101274283433,1787.5654165795117,2855.348890623684,5860.862953914926,1577.6817036117386,8510.96741101063,7316.819167342206,9983.10968434243,9910.783236010817,1615.8791637606453,7658.187138590952,1881.4285050892995,3838.9423747668993,1913.4564995888122,9662.097460333362,1671.4590397096856,5283.343169258989,6507.272858608017,3041.8186662327385,2301.855540401318,3334.8560210587016,3922.9587192625404,7523.682935607575,2785.0507159591994,4529.1634200346425,2783.215323364319,518.9590915528845,3863.807755058663,3605.0610426907606,6027.262950978731,7119.259196108429,9949.609906061922,7372.458670451322,7201.489715569919,9945.71513975327
2025-02-01,Entity_32,998.4213191247636,1145.5392698236033,1864.6080570985343,2786.52201375785,8526.28478719706,716.4992500011516,5240.46220721426,1368.6447654791018,1866.5124981466897,654.5573102829244,8428.940106760305,6096.965259129548,4724.147568884254,1492.1881074351027,2308.460245217862,4445.975215830878,9010.989579987883,1027.1429432526295,9781.434601542509,9868.642353943244,8189.137187942949,110.0654371926104,8161.454179885584,1427.3265707198545,5937.452791891748,5496.043718357861,9515.877836903624,9338.73307181136,9270.09079248458,9648.996878275566,9068.021937647702,3440.624551888991,3944.214890253488,1419.3578411206406,3425.4110333277804,6476.045718600287,4515.196723420443,1233.35827597847,7813.448291631043,3462.903494576972,2910.4358142321507,2685.9229672603524,266.3701187441925,7411.9553902286625,2572.6322439184514,2058.4875029993746,7788.328301850923,8710.237344127036,7303.067266620625,6066.1329596722535,9047.497341135962,8651.870456251401,134.96784652053194,6675.318267127682,9925.640267843339,8254.46819887418,4442.923029285054,2221.0785858974887,5976.850374219305,2858.106998374934,7543.826755514614,8848.93928845093,3332.7153471331203,2962.7687146745934,2165.476472025777,1141.7383287435975,3926.7377489219944,2516.0847528837126,645.5542749144901,6887.39240193292,2718.55604431867,778.9415392035339,808.0847142056299,2025.046815852587,5702.791137158026,9806.17890916851,8715.400844975386,6481.36107447907,9832.8659475472,1719.0463805805432,670.3115556609732,3349.172464915479,2038.0999765455585,3477.632671844327,4642.192474369957,6308.723255563529,4377.66396867143,9228.838338105706,6621.4616269145645,4564.452128074879,6511.227269068728,9646.685658691962,7830.406549876924,7347.471106200478,417.37754637596066,6357.942794825279,9645.997287996568,5457.2540235009665,9037.403815299274,5614.651668152762,3835.93337109657,9835.98712846216,6955.615698783666,2453.039690616636,9913.811291845932,759.2719992689447,7914.983259632898,4154.757562046671,3442.3260859761267,6024.514811723218,7779.12286632997,4634.521318510885,7665.528121514833,3430.0897419663543,7075.195091425491,9573.73260415475,9670.26217949793,931.0733134718807,5917.26817355351,7058.245899670925,766.6261816615959,2829.4735768939436,5708.480252299896,3611.098274050786,1890.1907840541444,2094.015285315443,6601.858562732612,2225.9852923713374,1310.6121811938801,5412.897175338924,6556.077425227447,4129.002113892135,4685.099720939289,5157.249383743653,9861.444552286612,7824.667925513851,8905.535758717204,374.9682965145543,7466.754643372117,9342.64273700464,3457.388414214281,119.8109479469747,6118.132387378211,2044.960522113338,2896.121953950032,6095.4979192323935,8924.886249251591,5354.589395598089,5813.259833495726,5362.972696111512,8060.2383145602125,8172.992340506439,5084.062934375245,8675.682925422567,8627.775946053924,330.3230690264973,4305.8273856972455,4875.00281142564,6146.0833810264885,4628.875822546368,373.2450533926634,3555.375211254674,3722.4993967792325,1931.5299298100738,9297.046256340958,6759.210799027861,6755.6796686542175,2228.390975404821,8753.557338492728,3350.9821980635797,2096.1212420546303,6092.046233879595,8758.865162939046,1806.802879084888,6082.908566595296,6946.005367009878,4348.11571994305,2212.121944965711,7067.6988406049795,5173.234842315333,9042.103838208943,7129.502597268265,2470.1187505001035,7861.023819988625,6838.694064396982,9659.080881071473,2812.2686065383273,7785.330501056544,7261.200019711246,6225.35727576417,8051.278097631457,6223.611481706722,7432.957904805817,3816.048366581203,8098.99606574357,2266.4475499666546,9684.858783277277,9942.814833029373,3650.011619734893,9356.918482260726
2025-02-01,Entity_33,7618.062022616863,9348.726770401498,2315.71284377188,4358.629373170315,7788.80242144943,1017.6773083187888,2023.4047283843463,5658.092858394575,9630.711303703156,690.2395405922173,2663.964412800419,3389.4505276761956,5758.894435366619,5569.421816981093,4002.906718244368,6162.921222532167,5664.0019376642285,630.3174073429188,8991.912545551566,9881.609207930087,7655.536681136636,7938.316912936347,1976.1981510124685,5219.78210383024,1251.7802626553282,9955.819607615853,7510.817053429365,5117.1953536593055,8911.756374245975,6939.573282115829,2207.790747111361,1558.806416615763,8004.283736781141,9347.943174654883,9486.364032984886,5218.4649510866475,4164.139320519202,7455.676976778929,7801.6559495891925,9316.660997803601,4236.583346280801,5518.552401011726,241.8698760652407,8555.466758570421,2619.721410399332,6597.027199365666,575.4359555020397,3337.8920070011204,1860.7991969006957,7665.1859706229,7620.727096195515,3796.2913361657584,595.8042105207901,2162.6511049426695,2363.330119711303,8233.685828212543,663.7218000687133,8127.4019091170285,8603.478128390345,9165.553799268928,4674.5172175570915,8837.634467463102,756.5455701107464,8473.887777348917,8221.166552013943,3191.098129203786,3600.595391066335,6319.049456790627,3990.6973984754227,9139.965213964259,6876.234744743643,5540.327286974239,3437.8651847482547,3641.63444307331,9886.725944462254,7237.487275611052,9040.05060624678,3050.706359939743,2482.5836114655517,545.736589223667,5384.576773333954,994.8244871752063,6961.543283889887,901.2390691405917,5930.905184525794,8167.75708314517,5612.875927814696,6137.717528722806,8979.535934442296,9495.710253186202,7918.129161355834,8996.193524428805,2176.420639707198,9489.310150470586,8434.810891961217,9527.453016637433,2319.454731512322,9569.105789570705,7733.517776112113,8314.046116232119,1425.247229636318,5499.337922013869,7011.793204747886,6465.138211074073,2631.293239118074,9989.096545519476,8766.722076904998,8966.411701936104,8967.136797853384,774.26461020712,819.2022797873772,7812.870931353186,7283.467390505679,1502.1656435907596,7325.3534362629,4493.924890104614,7368.27080870736,5359.938647846675,1016.9399269625661,5568.780312390839,946.1736752918217,6952.619857762182,5303.570168055481,2647.2666384999593,669.7253311232525,7541.886149311411,1444.0078633456374,1140.7413658420667,4487.842561744437,6351.659102331415,7229.683799241798,629.975851252357,3236.8854761807793,9339.359361297858,7256.563344106067,8369.901182743086,9637.243365927734,9066.590771907746,7211.612539246106,5463.0447943154195,8144.827394760564,1846.8703966332241,7566.507498114483,8438.12624690721,1857.392555369494,6676.483711234708,7829.452135366228,3231.104672176331,5853.920547515497,7515.805132009231,5715.412194831763,7230.456250400842,9018.997953423288,1533.4646224330693,6408.451342183001,6500.798784585165,4649.886610404674,211.69861908433955,2713.2737104746475,1429.731711693861,5896.416308772089,5559.99253382036,1485.745285523871,7085.147544885099,8496.101343040626,3891.03985403115,4983.639189195102,6117.373872481305,479.8711540864562,9605.81726473524,469.0151661571016,9025.438271878646,5122.583150809632,479.4072926843852,6430.75091435356,5013.823609872494,9346.53151454023,1824.6802655314634,7843.211180960267,4412.779724107837,6186.014635955173,4872.9920071459965,1682.2188068088526,6804.092727857952,6808.992887903014,7910.568434815614,6880.471124506449,4824.5849914744385,3913.721049407038,277.9551908844153,1617.670769057083,9691.095993997582,8364.737818196589,2029.4741589290234,9753.192857081203,3259.4009167623785,719.7533679243054,7322.858071678778,8600.30980116002,8437.410057692072
2025-02-01,Entity_34,7100.676172696931,2824.976765718752,7906.155352739354,3787.2368306785306,2358.7415011674148,9131.772118846087,3233.0481872629066,3756.4098880890347,8385.944583086051,6548.426889570573,3116.712009549228,9397.43001111969,5471.456668632268,498.25334991439667,3481.417758256366,4727.645852312926,2441.509522425371,613.5520591201002,4167.313151924217,3300.1110934281514,8706.90132761959,5152.696164208516,4666.919055700789,4555.109394122625,7680.75679013635,4782.374876619049,5829.688835260302,5532.894988824138,4318.801253410204,8846.796856752635,4267.245182764438,2310.8113651588587,4496.024287630771,2369.725701544179,6018.80139636182,3299.84186229472,8255.10030328753,6838.784134008355,6074.953865140266,8510.101112595554,9978.562266102925,117.5158879212075,9204.75732241125,3549.632091760639,692.0046278786949,6278.766694112395,8004.2535827123675,1680.6492312954706,7030.809743516695,3627.460432668306,124.96621345041673,450.8455863551114,9276.703478850959,4931.382922051584,8793.045468257194,6368.635289536974,4884.965891534832,9617.655691082271,5494.16721334631,2472.167658173063,177.2740820175589,8158.021548894809,260.4960139459055,3835.6682475642588,7709.664010655966,8430.402332775144,8890.610003300293,1995.2158674364568,4535.353955711632,3422.4237618923435,7940.070034036974,3456.736210007972,6200.289384242843,7697.538327654878,871.5341148782148,9532.10918539787,6903.639519794936,1172.9202659071634,1294.3336269505226,5840.2928145464075,2347.1132820823887,5054.986426814787,6019.3222097470025,5713.4886802852225,7619.133568820975,4788.596785110243,7731.6960463756495,3182.403186117619,1472.3637935826305,9484.701860103132,4814.593290607523,6189.584504024492,9309.898306041237,7642.051569795694,5899.485939591361,1433.5623991019606,8365.261485483039,3181.189075217789,1300.5983504912347,3049.326168828129,1717.6101129687913,4642.683420924558,8339.14871251036,4413.751729505786,1118.4830643779123,2684.45696885313,888.811784514798,7273.795186902821,4670.685732291465,1037.8174828943743,6321.336378597125,7365.499119250389,7455.5313033947,5539.004891495242,4772.909390987151,2151.5595766567385,8889.174300440312,4692.50290353904,4969.700751350259,1239.7764774721766,177.7980550877885,4148.381580715193,1616.7867863162546,6897.676637740506,4746.554189234541,3244.3151542336236,5262.809389447464,3490.019496982618,2028.2321881376056,3041.5792245821763,7447.325435187232,277.8469767951107,451.85573737153777,9141.279152507965,763.8682532383258,1190.7533821602544,7710.866203726975,7913.012116365232,3285.936608200022,1686.4398520093785,6676.069961131881,5388.545926381383,3502.9928405794844,3043.57834051014,4778.700486380935,4239.604570616028,2782.4568115682314,3786.7138329708823,9540.953536375058,6424.126881040833,4968.297113598522,8401.444491471066,9989.78636573143,3753.355804253423,2193.2868540189393,7514.572221811134,2021.5045780603464,7406.593983316728,5276.8046910932035,1735.1195087246447,7121.938262904127,4469.512765070364,6225.509100669337,4871.438052521704,6137.7026395015355,4525.496340131829,3685.7956889102593,4926.5150176100005,8016.017164883592,7473.502740433745,1939.7605321622286,2203.879506420023,5966.2223978568945,4975.419503256088,9353.226305191653,7705.720160506675,1650.2038664231102,1578.6152124234982,4649.323643709453,331.0890416529354,7049.056238633497,6683.741074638089,1142.336684703833,4830.012999962269,422.4286488247472,4274.258893750063,5034.449151603565,5585.575944473909,5469.811717494648,161.40282520007744,5868.341036269755,9673.98996891333,3394.5412733394924,7838.824082946455,3849.2718244693856,4969.09396304144,6817.448931989676,3859.0097460739107,3660.3653895356165,1463.0313257999744
2025-02-01,Entity_35,7340.638471766798,383.8599973183774,1183.6604180539352,5884.968027121471,6142.04550254397,1389.4210199509087,2185.9137335013265,5282.159614475946,4030.094566122875,2884.213875784512,3374.9326023977414,4534.9016067108,5054.516979497434,3680.1489031560245,591.1411188312077,5794.392837448042,2372.8168786425554,3631.2594539384,4983.822478559835,2816.115650357226,7917.967478675667,5088.006941202195,1254.2875494127336,6360.2573428012565,3041.3487331084084,9270.75592510799,2233.421351118246,4386.010009639847,2458.7126951526366,6760.0183070684525,8414.032484260599,7583.132315270071,4362.394188053006,699.9745561554721,3413.803338244976,1017.7709675312243,3466.8185738400352,7899.88977024297,8064.7689023149405,2993.9019496020833,6921.293678285656,2602.043221414277,9532.090506860788,9465.653239509169,9464.581115569781,6178.087333501591,6752.519359043567,9148.768301203512,2963.0714281519517,1926.4144001413918,7319.1323222585515,9923.133937365525,9135.438115645748,5949.889982395458,4505.261611769956,2220.201421490736,876.8533521877066,2188.75526209085,4705.185891816773,1297.1949039078481,4736.745727257636,9720.793546398618,7646.981517768517,6636.657046448015,6467.30844020959,1336.4782344529426,7116.189306857966,1863.9368548538364,743.0953238763418,5203.000107617564,7484.737869639588,4923.5990161445925,5101.389097590003,246.35717139841924,457.25033837959205,6541.757485369919,4491.052036127827,6648.500515880312,5504.728225779529,422.5371124946475,5045.073261741464,4201.605432356956,6991.217753327001,7194.621437952432,4441.476863259283,9769.290282161008,444.6591323904137,660.6614870083355,9624.536189373874,367.0410737302934,8121.883461065598,2415.249622496534,5988.767953729072,4798.579792149944,1282.339504225474,2804.2879672018744,5818.767986854315,8686.448504366917,3508.5265396660416,1090.0960838451965,7590.145259949208,3139.361021969392,3401.8646446902203,1300.2937377295902,3491.770115457091,5503.665586004328,7670.235667665394,3050.442743992712,3229.132228926144,4029.400481670817,3826.8743081694,7523.106857306541,7170.809943453909,4016.2542901573547,4018.6721247967794,4919.029427279936,5976.021275149073,1500.1996831986023,4305.678276260354,3673.6678038307737,5245.249580198658,9905.53679801044,5606.957964245907,6366.414246557939,6873.210368932919,340.3058496887854,2187.623256224898,2764.4412256752357,1894.6222638080549,8324.646521519917,9457.148113228968,3756.5015850356376,1885.5714978488224,1848.1682041328957,1088.9053096522453,1564.949817025009,2656.5221930172493,4355.423029956077,9955.559471993107,3771.347056786336,1372.7436864170465,413.87169846336525,6704.025816609378,6354.181299532762,2085.0806730699164,1729.0023403622545,510.9627974188876,5397.510605566362,1276.3818224134648,9097.346495532382,4290.05215902997,8643.05149301856,8596.7906358689,5118.107105384096,2254.7295718915775,6537.158619569562,8412.960201069118,8954.335748329382,5732.611190513724,1607.6918488556437,5011.025059703934,3837.1663825907917,2537.722934347433,2602.966683939491,5707.912278954253,796.5924804251395,4728.165406173381,2986.6652782092324,9944.098018573945,6932.3136683778885,9943.043875551124,4129.067148596347,4558.566241190893,7594.456211765036,1920.275191239859,8373.897248088242,1852.3101109456245,7564.935370956065,536.2760219002441,5986.611994626095,9299.16501486501,5715.190747028657,5991.192633799476,6061.668876322709,1726.0817427402355,564.5952359242581,2707.2948932528493,2497.6463940871154,970.2047543227741,4820.403842251814,1638.8398848923136,1175.1864287483406,3633.677626490337,1500.8459824040287,300.34638855724677,436.22264327405884,3827.5756769409727,4838.959247415271,3195.4524263097524,9667.64289153212
2025-02-01,Entity_36,6763.480388273483,9973.357696113455,1102.1828479250448,5619.551010621945,8274.268347382718,2075.719720888311,7947.770133083167,9016.736064255945,6657.665826422635,6914.417827032342,6546.339282530761,2032.4778584689284,5651.593610306926,2367.7020521340282,304.3378868357945,8871.682454576165,4218.211766070812,3905.6604302434553,4579.008076785992,9038.49451512069,4526.248414212405,9821.708276955776,678.4315425241466,9485.4178419207,6268.646798129874,6969.553403994647,1831.2986879772236,1603.0455284226853,1103.0560714217443,690.3167910477455,6956.832837707746,3108.2442534456,5621.228644544582,3025.9127400354773,2459.0058114987132,6301.375656612753,8484.301244669527,6528.453387562025,8404.53586480794,1800.7472816648385,8538.597962310692,9101.011940171245,3218.6829199676654,7321.60236231577,1684.036589133884,3975.885883114183,2504.0772301036063,5874.27746874678,3095.0897345181606,3450.527203391124,6859.458127280727,9879.145019370142,8589.066139566441,4054.9683273964033,4993.857860400398,1759.6732667494596,3033.3575510942655,3522.673175073351,1572.3799920441434,1389.3566156853924,2214.3104984109714,3586.3301860408374,629.3640100072532,5499.438328008542,9019.584405866237,9910.353106498105,5580.060053395438,2242.3681626118464,1200.7282695036886,2063.0017440485385,8844.286829940218,1357.4028238499031,5230.734469281716,2469.235524618963,8188.216379319721,5236.70997197753,4660.942426189783,1511.0880774727527,1312.114749430578,2677.127577926097,7459.494570283513,1945.8139606656093,7939.06651326125,7402.669909407968,1095.324050620322,4324.766883451122,9925.482353035719,7378.258772006361,5085.677122030521,8235.311128862886,1986.668096758072,5143.357983546681,4476.5527477387,7685.451841581948,2357.6906459346196,5261.747316191247,3458.7171724478408,6443.204399178619,966.2017916212883,7896.495113645548,4166.391646103382,8576.007694059428,7655.7902221125705,950.5496274370599,9895.132820169361,6518.330955999242,6183.814121230561,6722.294731147362,1063.7822103393546,3653.831088040955,7636.393893158934,6066.710779117653,9474.478469948719,7037.442317859176,489.0619560102988,8802.89327773668,9689.58811335659,2742.0597598287422,1838.5964142740147,5945.50139091299,2663.677201961345,2663.679969902279,6779.321380168583,2998.994597932206,4306.449403721779,4373.031584677606,760.3724237735669,8782.725215304818,5444.314784019946,8219.900712089753,8550.869232300076,8888.583931735831,9522.89062352939,2337.4054148818423,2053.5842262574197,3054.6345899671123,8473.535175981957,2806.618047729756,8775.93618612594,8549.60236240459,7431.847939376744,116.27482026094987,3060.702353605188,791.7149392448558,9078.649803317829,9603.896972145698,3480.8196638664217,1478.2676858528496,443.1330383152726,2292.315821047281,6742.428013526079,5712.117146997667,6323.451978352109,332.2362426429672,7952.925293158642,9217.624129313666,4244.735313707306,3887.2799970774417,2807.575937945408,4877.439083581632,4283.944486642521,6028.501161096805,7052.460880671974,4894.993188131844,4331.105792915366,8426.03094745014,5012.759068941134,2223.7477768234717,6183.107825928302,465.26526403672335,9188.254342443537,8509.872800869112,5819.544752865476,1984.4231550448665,7563.545075151571,8346.70175788655,2869.3311992577756,6476.334681582853,5624.01643288133,9350.155580780112,2478.2329965441304,2927.635257958517,1946.2836327906775,211.673806702234,3708.289391788455,9289.960724458226,7409.441717367303,4716.652315354682,209.43966299162213,9419.817806281357,8744.969932682256,3154.1675174801067,5380.2146074616985,7507.414402404737,8984.155977069835,3621.9884813739063,3205.551299556926,8053.602659343002,6138.934974167358,5827.587981297848
2025-02-01,Entity_37,2724.306639642289,2672.3204408137576,3660.8347226681117,299.20548171598136,2136.2833962310056,7623.956774785086,2333.063092393085,3693.3617647518176,6239.179970079073,8017.509033993324,8509.448496077608,408.49746022526006,2510.771348644927,8340.49886130797,3065.65979697655,533.2966383803182,150.7007649635533,7809.998679494652,1870.604965957624,9936.865357725523,9950.038524894846,8991.187232562626,7374.480285913092,4011.5302086982247,5525.674197490507,1068.9772637303147,238.07982233032823,941.5575424320305,5669.118631619092,155.02319851202907,3569.2839576165707,9934.40380759445,1779.026671241335,2141.679151109058,9839.468497781236,7584.241121129685,7885.601532547185,3571.9558881527996,278.24202051783027,4838.523345331744,8086.47372082218,2228.7127381929217,3868.5143524622617,5891.641901893536,5044.494009998435,5948.630332318602,3911.3914132824607,5781.24282954022,7283.656940234627,7846.926821602836,470.81564084948553,3279.0400999665853,1108.6757056218075,7099.63996959106,7825.92761499076,8768.48733780224,2414.0934347819134,3270.5831709324457,7754.131953099575,8727.495435333063,220.74526439636347,5350.2883711835675,4395.46499961855,552.5736150910413,9144.115397828535,4059.797945194404,9645.320307815344,8411.073346948951,2868.850071956787,3440.068590917534,4577.428629321447,9044.472094682444,692.9538564339463,5360.088027824894,2320.7852975832657,9447.493271635838,2459.7891105048316,9002.379806672207,1721.5521577131221,8432.12538899824,8794.87251914518,1036.2989548059986,4565.959012169535,8517.449440469385,9070.427122087927,2761.30843368545,2793.0250865399153,8624.789304425029,5195.383696829587,5234.629332012779,3689.5868090111367,3126.290157015994,8829.839685149233,1728.2016381920516,4172.1120748088015,4422.378831187394,9850.614096371868,7223.124708767282,3983.7956871626534,1013.1653521430586,2728.5764317172793,2099.071414564828,4429.952650338925,9106.142589031946,9323.759361498824,5985.508876194867,3579.336209325515,6201.36649212012,4530.988242077726,6231.027716489103,1833.9838134020868,1355.0848211932519,4634.295158825719,3070.4860029947845,1961.7425105714908,3718.880198817552,967.9390424610652,757.7889476084396,877.7295300177533,7661.273401306267,4249.280092249683,4895.095167937511,9623.885174166831,5609.169409707967,6605.38828830208,4025.4606890270625,2326.220501934844,553.4788573815114,1291.5819438966655,3069.70773459129,4957.697474435415,5766.308027715972,171.54658499070476,9075.551548562597,7094.392226796668,9340.752498149428,736.768979331961,2694.9101573938397,5267.175789468774,120.37884334085535,8105.129379769454,5195.347846894672,3416.303274750685,3816.450503859935,3216.9985677954783,6554.508210518833,8801.343328095334,568.6130298775764,1107.7016823683994,6160.578610511211,2788.2318107027063,9845.94234215695,5474.056255547512,4133.861222192685,6765.605460712739,1957.4777034358115,7017.478480207073,7901.681729818839,199.6635653280416,7685.4265005034995,6379.614265942057,5101.373987080291,2346.6578506810824,6587.345589392645,3379.371288842269,5089.45156365789,6864.052115430401,4915.502371669303,9836.016571844972,8196.019824350305,4531.371113094796,2856.990596367554,3145.590442118741,2300.6128150337386,4226.031522089857,509.109912503505,7927.603588514713,3194.2920522666896,9950.679652808773,1632.4762739826745,6096.738545516902,3767.7419307051346,2032.3156937627564,2320.1326790843173,3419.541835461908,7225.368592219915,4719.193009296716,3676.3380053398832,6314.668271667285,8892.185341806038,1971.1194015176568,8567.047275224224,6478.249852155039,7327.22419240479,8694.42959150112,9632.598558504385,9051.679658429057,8486.573360681494,6670.548364403146,909.8544046609766
2025-02-01,Entity_38,6425.216963752112,2631.029254703671,525.1703298553548,6399.398233736808,3969.449245927703,2841.0314894373564,8216.15797255977,4097.570825841476,7722.836104681929,2752.6398518412716,6552.061612222646,9865.002193645081,207.7634482819385,5114.11854108729,7004.388378109142,6462.349546682137,7888.188185870574,9110.484827817858,5962.232538969918,3810.8942197682513,8207.346342089939,6632.896259717579,4914.354905805381,6238.978254936808,3344.1876157913557,1545.0717164058804,8961.253630502371,9985.133702940251,1221.7601996606538,3676.2357438802705,2328.8452822425243,8267.655817657578,6261.5645306351025,244.66076647629978,1275.0736694820598,1795.9559823066961,5552.1496490908585,8160.933880795352,2272.82768685092,2037.880149359681,4045.697756800899,3357.410752701312,6764.448592696039,8142.990269080886,722.1683272773754,2384.589084874414,5891.860059505875,2326.288743987112,6751.522075320175,3663.115811777474,9960.149483539415,3260.7673924932074,9285.18218324538,8173.891967874297,9815.362422619395,9650.534915973023,2366.9432747746628,4834.3899017418125,2791.948995044403,1355.608996790128,7991.736591200657,9323.310164447756,4260.050376652045,355.49075139284736,7075.375164629296,2779.2983640626067,4339.166399020641,7610.627370908368,2369.1504487330567,8439.944461283516,5596.391328087764,3304.380322507248,2686.3711905410782,8593.862907345418,5452.879298032176,4460.511837080057,5512.231881535185,2505.0114160821354,5895.69956068329,2641.123641419565,7680.1934496351705,4105.940932854278,6298.214990840014,2229.125306135328,9071.574626370304,279.4113948253857,8471.475298762143,5410.157399125981,1528.2376677970553,9419.865751088351,3799.952019718234,2654.9176478546833,3749.8790995940253,1807.987055414052,8517.801321756973,3617.7374776353213,2103.181504977949,4954.958991800456,3571.0379969886544,5942.405849626237,9210.956831186222,976.0440088538361,7736.590876033709,3137.690287112226,7995.388112256522,3249.4797043303533,859.8443067970505,3324.320192629783,6976.252088602931,4149.585603192667,4732.736748973401,4653.1199270243515,905.7838824337712,9749.3224141268,8908.336621372075,6232.844566777094,8509.342508659394,167.93581756071913,8772.667043053285,4325.928607586033,322.482544663733,6548.582111972861,4957.977415343804,2978.2551883606207,1472.665484985356,4161.255825166122,3972.485461811548,3029.033594324225,9412.798230624583,5888.352177935969,1032.4849219505847,1639.6575326589914,5126.275101581173,8818.145105621408,9172.837007775242,8996.455945970887,8916.906684468582,8082.201010820837,7667.070491248269,2263.2747455816843,3972.868914134993,3914.9113307340212,8063.5113862855615,6067.663657153201,615.6702479888194,8528.324600532056,1811.555454523621,3743.7178130092066,1067.683932897016,4537.338464968456,411.2463654106422,7824.689686194508,3725.291248768654,5764.272884271769,1269.3137212459983,3603.4194100496775,4429.226332050699,6868.754138950137,7767.880701727153,7053.591364415502,8658.787480996309,5197.565025798808,9682.039567474387,1707.5818382320763,2275.0668367430567,9415.802727337308,5579.718311078998,6520.972290216523,211.21620355737514,4087.192801205408,4318.502310569847,1745.190280487195,3282.6693675315664,5651.216075369258,4147.673466569385,3524.956596166647,3396.281346352403,433.2743355419423,5239.2716900649175,8146.284809238043,8516.311009743818,9411.658291993537,8366.95220509429,3038.3453087092817,9567.690903092744,3301.197855378714,1400.9568425441616,1633.4450174447193,1990.3725749630335,3321.3172828919774,1787.017522615084,6565.068138409274,7065.303070965988,3729.9558670697734,7212.274801101073,3942.975711855958,3813.6541577688863,1669.431853416145,4573.834754705666,1322.2718370713217
2025-02-01,Entity_39,8296.343847656284,1379.8452634009298,6479.563308751493,4281.104976307624,2238.4600696420284,3409.585762207411,9052.200390850026,8374.720015262692,2914.435098083848,8574.425207001359,3453.272708291709,5109.606737539239,7671.210989037443,2280.4463859848024,8665.672339870729,6258.845481653194,5070.420137134334,934.7972923379432,8588.09910915301,1285.2545680945243,2693.5113857080482,6707.158403886422,6382.950905583043,4630.065256231956,2200.5120729640325,802.7716934106967,5994.788188667421,429.60303386652663,7175.439745093292,4771.403781519235,4820.0544072937355,5155.915246576352,5993.742544091679,7483.567294758496,1343.3104729996385,6436.864073941282,3056.77271974733,8962.400118221149,6505.206183837399,614.262845053795,8753.797772691498,7623.5096295376115,2875.2732853075704,5642.974452531954,1652.0497055238932,6218.500508478225,3880.0840879194393,1752.8767597832073,2965.3506049061593,6855.5801648371735,996.5645805209032,671.3187593545218,3556.061784158151,3828.842340685777,2750.9312967563046,4812.822677318577,842.5885744201631,4168.506381782831,3843.3890565983147,6104.155556651737,9206.31050516351,3961.5207065257723,1475.303003059881,8431.88207978179,1302.2714128171071,7969.070432990153,1913.813352802855,4155.892755557365,3264.325109289601,8703.729580587811,3396.4630228850638,4136.458013513049,1468.471686236579,5254.586490245874,3903.9507751353794,914.8193654344088,8994.337029692371,5610.423867687296,6960.738483506646,4465.004474145296,3500.945582245056,9007.820730234156,6414.377041153118,4974.014190592748,2772.8791977363508,3824.9026829949325,9646.471407137326,7561.436998276937,9147.293700014445,664.3289151488714,7605.726908831306,5219.818749013415,6610.156483555432,6892.275446928043,5409.826090948943,9273.247434570947,6279.083749646076,3401.5041458737587,663.1482050206603,2682.3786991666,509.5907225358133,1579.2211812236267,4584.968776228767,2719.26212707659,4749.191363460316,9244.079660899399,8365.072172884726,6121.173475927643,8453.528471570728,4149.9521340031415,7367.65476627352,4535.904920753022,9273.145721994284,4155.71024082895,3720.512597558214,9913.02680823945,8487.721643823128,9494.35370622678,4200.252051874885,6776.037918030735,5055.733604639948,389.4297788174149,5098.426967019572,7877.050018083379,9027.054911752337,6370.338691053713,7896.066964855632,9565.551885066572,348.33678620420505,3966.4022132900095,2481.952875407017,8807.230645409245,7584.625822400774,8742.57329977057,4682.310551524909,5806.775105916334,8915.884745779826,2491.2237748455236,4678.852690387674,1140.7412954842077,7858.82647194819,6451.409778323077,2279.023064491177,7439.26359689628,531.3855472636594,5444.582648812835,638.6867186559317,7072.371785298946,7080.98715160412,4741.989236972847,2049.3735489364535,9948.015132556178,3040.0095177104567,4005.7363478524358,1570.3158878613724,2673.215892724299,283.186750523416,4288.593567261448,115.67453633163097,1640.9568066181987,4750.193852277267,845.7623449884603,3652.4645910905506,1634.955191248493,5521.468738631209,7616.451537490337,6615.753429936496,5342.75531075765,1699.6666122531929,1931.7776929073377,3507.7381474174877,3396.059601353559,8841.148453158252,4415.053119496253,4413.534269780833,174.55253757274352,5030.740574647224,9595.749075308124,7634.307131986033,6641.882830488131,105.61149212686655,9876.774726258005,579.3738951206942,2867.401905038292,557.9302124629297,2897.6907370169806,8201.31922850875,3149.9026214104597,4380.817254362259,961.5912008737465,9073.884471218225,9539.806963241215,7957.580451775732,8759.834212493159,8352.184539237409,2880.36694034284,9288.236228965705,489.22503890389754,5098.631438255578,1658.938876631626
2025-02-01,Entity_40,4193.42186018521,8067.353450482946,2193.571237257121,822.0095611252675,7140.2191267622065,7805.768749131186,5432.134731843704,2065.6167773740076,4654.182506331032,5739.324539646226,9407.97426742588,3205.031034237751,8265.195028965467,5598.683141066612,5066.517763355492,334.26857226596394,4176.34197512133,9861.347878323326,7226.116734662306,3422.205743509973,9522.652109024099,963.6504547840078,8748.15680043399,1845.9854254708569,5778.21536190762,9316.64976971567,6256.208658032613,6062.708566881848,4801.731197833232,2768.7267071215742,617.4855998064953,9769.060467764779,7457.231636345692,5214.021222231305,2905.7497840199803,5714.8676091635625,2996.1040271260636,8395.990993278167,6714.418841107808,1335.1584820705505,6220.025312180663,6726.479563863785,7697.340242599606,6713.941844279632,8182.575219305394,1898.470452577458,5378.805738243573,3299.488916284986,1981.794805867065,1050.471792773546,459.9790619707676,9376.398338383295,7353.077206148432,1152.965495131668,6281.061896457733,4393.5208640134415,2711.0498291574545,219.06786183266678,1884.9973265850454,4435.323550767464,3350.6023918498267,2800.343949379549,3327.8300746871196,1400.1181594474708,1029.5661757066543,585.672860854593,9655.239511327687,6736.774636820075,575.7818556421689,4558.462462518326,277.14877936090477,8044.17067612468,1635.7550492831247,4556.961720052645,2457.3067235219464,4325.759410162342,2596.412514463346,5414.5221988455405,7852.155179204135,1269.5115800204842,8260.758164071496,7253.959154086947,9255.829989100528,9788.143828915056,7361.512084919487,5884.5716037598495,8121.651450705127,513.2892612569956,9415.264108053247,1954.8305339441001,4957.557656811579,333.3045873237035,4775.36017021811,3180.096080467558,7720.636481010237,4115.4748045599645,6749.383817297328,2716.7777594282406,3861.9230897492675,990.2372730279795,2350.9925966877313,7052.4610698223405,9469.777240946496,8582.579116989577,2371.415799475241,3926.566362495827,2861.7884563365683,7282.411642353425,927.169705543245,1651.3341653263078,9022.765199141739,1385.2445526855213,9063.493858523907,7502.899219959422,6253.264561316482,1706.9791001739497,1646.691213627548,9712.539328505998,6526.819535573775,4060.441806134708,7008.160778935479,6083.403964639721,1811.789783512238,923.4386736434949,4498.239319122073,5401.720359604372,5737.654878016317,1980.3341469756635,5174.32608033399,1918.9696450441847,1367.9979502926396,5369.074600702457,1097.02158911176,928.5202298149211,3400.44147785115,7171.764353695135,2779.3857286689918,4543.662727532146,7894.562543935861,9336.420342958369,539.3690283439369,3634.4654200976393,2702.8104712172885,1744.9955266369227,7394.704681622097,6519.858782489187,1471.7060480946964,3621.566499283264,7245.787339759748,2532.96218381135,2357.0564069191664,8572.509650810205,5324.463096480395,1329.4118265815657,6561.189892640582,1533.2004630861586,3874.2802861542623,348.2909685283846,2345.0449404455667,6529.010247320969,1548.9226446995942,6170.087169040112,7094.955674093688,2203.2935428240276,1918.118519890949,9396.17503191468,3232.724173574225,9081.337513203536,4682.675927371,3005.1391451852087,427.4350677891859,2366.557632965341,4196.656213614117,3038.9788212970484,7295.085520255915,8992.904357371643,2767.185440582009,7261.210960553674,3532.3089385361927,8101.104176681109,3898.5595342500937,391.27173361803335,7272.68911719102,8300.749846343326,3135.9714433909026,4879.660291838518,6842.762203533551,9979.997694807547,5425.259466230031,4767.498500981696,3944.3617450112292,142.63751300021426,9815.25021080922,7235.318306684663,6291.29560859571,393.8152639145812,6636.520497528957,9062.056670389638,8196.754285545127,9436.22494715725
2025-02-01,Entity_41,717.1336075893878,1030.5927462393288,4374.107857026966,3208.5071880242053,8324.900797958035,2418.473907967245,524.1926958418472,7270.872019394675,8519.013658912143,1305.9052118411832,965.4146008043248,4670.657412493154,8300.753298074973,8279.914500435945,950.2743195947718,434.59709392499144,4289.261687147027,330.139503047384,1928.3902171503973,4907.126561937728,1275.0445312474167,3028.262864247102,2204.8958333199494,8485.649916899356,6130.332850253408,5418.092162346179,4617.5552853262425,1054.8609129826332,6222.506697252626,4609.992679440061,9034.278666707558,2399.0006773721543,4650.6601459799695,7575.927017896022,3733.6877678344795,9840.244176866085,6264.71198567274,7130.874117264619,5996.441360402814,4080.9200504635373,4096.297574019295,4210.33236262695,4008.880203274908,1729.1591950493698,1081.3632042912568,814.112114007145,3056.1551238090624,6256.268216627282,673.9325851400914,1660.1045277464875,4163.700624130877,1877.5585932441606,9037.187303654964,5337.137987678747,681.1022994760127,9957.08909105606,5953.837056244901,2046.2548830033625,1961.1227585354707,1232.2088621510825,5431.305829053054,3335.7071970850006,299.77030333047594,7206.863905594267,1719.2871694018881,559.8517264287744,9449.0918867451,9915.879341240463,2346.0666877945064,4464.802314876586,3657.0255774833895,8284.93667442766,7321.660598858429,669.7737021712122,363.68027686481656,3388.4930061658756,9963.34153079581,1600.9846817288867,6462.857097803041,4779.371303723973,9964.599491654557,9528.452026345221,1083.143040962489,8883.871706362446,5876.490291719143,4253.486608395861,4616.201460368113,3615.5334210060296,5020.638267869057,615.801043909409,6331.3854213487875,2422.5412247956997,3499.1215151482575,2366.5967577763927,9868.97048631063,1579.1195426644979,652.8650615009188,802.9794457434448,2629.2927688270247,3246.835972692609,210.39647159292602,5589.266007031424,5390.372832350462,9565.264636073542,4104.759151552093,960.8803789230922,9726.46266122212,5797.312763456857,5823.380199991833,1131.3455074656792,3281.169215776919,125.51818481348742,2721.1959071679216,9325.677904880593,9606.636388962701,5700.346653995623,1370.0267309598519,2247.5076567120045,7767.46063471648,1078.7469731173264,3966.890948269472,4788.495921011721,7586.093151221946,2844.566759713258,2990.6348841305094,2222.0875255331675,6062.993195644814,5395.124649902783,2152.5769352466305,2457.5915457015826,3997.893205849019,4854.17657697347,9824.683146793652,3470.269372238507,1516.3017565882344,8842.905212884378,3214.1311943209466,206.87873501546972,6246.21540588129,7240.635470060597,6716.734650941497,3555.4364201741873,7160.906292483962,416.92547833870384,4567.774225484539,7260.518266381733,204.94450730153312,9678.225816584067,9310.6550749582,2156.3363081338675,2133.944353260988,8240.92359849703,8527.610682466648,5797.298371163446,4610.27882597749,3700.0992116163115,1230.7577658175092,1547.698736448682,343.0874673569683,4187.920469033452,8098.059649112424,4761.178483334425,1897.7857319520085,803.26614360326,3435.3912328403158,5445.019307458792,4374.097197522839,7984.0460440457955,7112.392830469578,8514.97371316901,4357.647163935913,6757.750661465577,5457.839196778475,2288.4689061967943,1082.2463150166864,8298.143291796127,2139.909680409709,9664.927661719044,3764.4583410900786,895.0781566179064,6468.031487343256,3904.2615455464766,172.25298790046824,7109.852493524563,4548.225682578172,5728.340082028457,5701.068889892914,6135.585551282054,2335.0472603219464,4986.040609164781,9623.219539925749,164.03343959120366,565.3533348964542,1740.3893338868654,3771.798212832383,8387.033373467924,9884.068087694977,3368.430585600907,5445.216409769366,2305.2715952245885
2025-02-01,Entity_42,1422.1977674389282,2010.3266243382784,7070.183224489451,1725.1221329557352,5526.380991514128,7327.5359756039325,1191.3287486025472,9614.271416243788,3590.65374622679,4028.251426057306,541.2077847290269,6746.851124093223,2634.2862182434546,2861.8750666759015,1618.2834449994282,2253.135428366163,8504.69842265502,4017.8934039603323,2016.2829169479262,2975.268744537088,7036.214940334446,6945.446717379393,4373.0261735199165,7135.211229159794,7238.7865288415705,7524.935784548919,2191.8139410689014,5909.542781957124,2493.381531671472,5016.9892170246185,2119.04916775329,2656.7903922182227,3663.622854111469,4078.7501266053455,975.2771551426249,2565.3980293734253,7470.248040211229,8014.254889976961,244.2851945802604,8051.0163764297895,4327.6333103141,8113.4774279788435,2373.916954722652,2059.4995607078185,6769.290479628062,4121.379888161275,4303.223051160519,3409.752319784312,7547.255775092166,9482.99768100995,7093.479567063701,3922.17168163134,9981.117839072007,2976.7490949503313,7912.419666452956,4901.744983942103,1383.6942734320166,7035.823540136417,3595.5012777836932,2918.825462992878,7404.353737634121,7001.981760546502,4660.448861245368,269.05384164727366,369.14055483119637,1558.705372945982,3452.9722574568955,8890.386591074224,9870.184657339112,3660.2016896779432,9278.44493634972,835.5640914684802,233.38668063918115,8983.17770189606,1652.5150869748422,8236.055592404813,5372.951779109426,1151.4746417284837,8923.119676444443,421.07253070298015,6704.07099844221,5626.49463405168,5438.861453751286,8612.322246359014,8036.829896159979,5772.396250200254,2557.482870312209,8195.416546945891,2090.5638991239393,2604.8870988255153,5910.759186960793,7844.2956356243785,252.7485817979303,7081.076252416821,3601.075922846605,9501.01892868066,1708.3223782102798,8069.342490118909,7032.081079749234,3687.97668174102,1887.637869519841,487.47019618917994,9123.107478367501,6880.5008188992815,2797.060748702597,1501.193777575971,9266.68851025884,1500.3031490320282,2007.1086897930059,8851.267973386486,1544.3540381846835,8098.786831839453,6323.641397719172,4861.402012389515,5320.406174140293,8186.7692337505005,4004.793076486509,3222.355950625829,7022.01801823553,7894.668734334138,7586.598542874483,3009.7313558131045,7111.425328166591,3851.4099424359842,5481.767696958413,3905.1853591815325,4838.855776672365,1382.4174586946044,6315.953976144049,7379.8059823493,5110.817812645943,6703.155471934516,3273.1241526319286,3661.3962127488544,1735.7295342494112,3505.4495741221585,6690.594944632695,6436.06274009367,4079.1530079615322,5944.098400721956,6326.591215791941,1941.1516380821702,6972.058113307066,1450.0158000989654,5794.346112560863,2969.307457512698,7816.769097560184,2618.561487870824,3360.6750237573433,2217.381458433329,2860.281923219465,9367.466821178607,1116.699279174412,9021.34584185151,9858.187325109375,5223.358263019773,8742.655166777407,5354.91897405206,3921.9723091302003,3756.364154758151,7271.406433948638,4523.855531616861,1580.9882821831736,8128.67341478842,733.8303087195005,9916.379512782945,3754.563237368429,8421.939572857977,5272.932024636415,6851.279123019599,5738.784219301917,3249.7035212012975,6537.594182968047,1186.017565432438,1604.1507538889168,659.9502404154376,7686.265628720402,7845.225450782585,9811.29926052878,6542.39530265654,7117.429809261209,7970.630105842825,2524.0542209575206,6448.349721270273,1603.7863384723616,4967.84034503906,4722.527299707569,7929.863095844732,409.4594683785326,1187.237906887812,1015.4969239762237,8721.267682801463,6149.346831138965,498.11154487257824,9796.0962060459,4684.366776334916,8912.335460040054,4084.8341405039914,4838.098159554462,3028.697202112998
2025-02-01,Entity_43,1139.0073114406568,6715.1181202224025,2953.9506119922935,1574.783860154039,6248.868003640765,1376.6572469797989,5330.865319895604,1976.2009941236722,6616.435756351312,6289.667073375512,7381.663715311758,9886.967352292268,2014.975749473129,7354.949898351137,5106.375481306842,7949.523482719512,8491.013515353055,8935.650142328223,954.2737409063074,1845.4619852068404,3687.499686841175,5448.770850349231,1043.2678242548193,6275.429871354414,6014.575487925264,6335.953149166372,5436.049812851354,4812.139893010801,206.0707927692444,1084.29663674955,3339.103951196042,419.5050646234753,3420.540935968739,9720.371574226781,9064.935473927666,1419.0752673550844,5239.959480405065,7903.2786021642805,6650.448404600959,7401.311650094561,594.3949917338365,2879.6296743557687,9034.270019731775,4978.393285211688,1410.4650694859702,5267.797556402436,4135.095258815716,9694.365625301283,287.0986128911875,7758.738366291676,9939.775168623195,5727.985395152418,713.2472204720102,7219.777799027838,7980.71570054605,7252.1755066138785,1061.5982509520957,7189.016013174347,5952.827341257503,5179.661867804205,2094.582323796276,7472.561289119085,529.3727467460533,7940.979388159761,985.5130316201598,4835.817084138971,8808.508394356719,7138.3972509285095,8721.696843152216,4411.987058876427,881.7654567234532,3303.3592148894327,9683.052214028241,3161.3037611073487,8127.205129315544,4579.454585656296,220.77074705654394,8780.911375179869,4916.33518165571,2583.89563940754,9589.682946383915,4472.713215045752,4606.960272701051,5210.950683088165,3775.183626312253,9087.283387011825,7202.782844853288,4522.67227953316,5270.902305847186,5459.0665509342525,1444.9561508051556,7128.6492010567845,9551.118801339131,1236.7876226176704,2608.8543120972467,1415.8271825480717,6641.547571282307,6378.184793676729,8513.669320591167,5273.480934093402,1230.7791785417987,1356.7547352677605,440.8390185946677,3535.4304194974247,4965.277100407348,6146.673659057791,4451.177884051204,2917.653847511438,1353.9859506503424,8175.277816372051,977.40053129366,105.12597596020755,4374.898775852023,4264.440386047637,3206.8178298732605,138.58605729570417,6111.083704709765,2838.798363383903,3405.681086154686,5504.83864556787,9222.171253319455,1614.9872074986472,8507.904817219604,1039.789294830944,5733.395832389646,5439.460196116817,6830.692419245363,9756.467656815385,7723.956365408077,8628.813868505113,9904.711923595089,4951.66087423473,3405.317416078222,8408.421427133337,6939.214827696429,4608.523484996773,2521.127830490043,2656.9934871626547,4755.515407234944,2667.5615050858787,6503.870617551726,6249.373606145872,2616.432571253636,7346.202763835106,3280.1549570988986,8035.339213620651,8406.97931959984,5977.638344020009,5968.891042340281,975.9496428836527,4977.602900856913,7763.428925160998,7233.087479297849,8553.00793334205,7812.311921590009,6421.974037931518,4828.450588884502,9773.252600170852,5269.598635157523,3677.7332544007777,927.0651500634668,4249.663119104928,2219.259989187236,3444.223937964177,1418.378372759961,8876.902210970073,3908.7478986943515,4688.862374815354,1712.7248265638268,4712.3681688540955,8495.510469971017,8622.10325059345,7125.9009913884165,3113.341177468191,8739.276950747344,1774.8280926156694,9669.424623016788,9747.532684869388,6558.085232951829,1991.5894310601218,7684.194357725074,9896.632724254358,6728.634368615889,1258.422183773151,9212.40753202059,4348.98471069748,6654.794394603323,645.9363675855254,4812.4621377522435,2787.428887879511,7871.8361484710795,1805.73240402726,734.1245476441667,3475.620802784854,1524.3773414620568,8685.888052078737,6381.473891754149,2883.8998830034343,5138.244305047427,499.63072743926085
2025-02-01,Entity_44,3693.359943439983,4731.245547475472,3704.747901668302,5243.97244493797,1678.1122148002764,6979.37770695748,753.1830382729728,6016.372957762134,6953.282184229595,2547.9991110362557,4607.076756602465,8130.952784736368,3647.048822222733,6981.93413587216,3934.813807564449,8844.934914704321,9918.670192509931,8082.965989738674,5037.378564872387,2119.83133035793,3033.4744687731204,2121.1011954170535,6861.8063655545775,6172.355442475815,1402.0626262937099,9043.364041493027,2895.436907763349,486.98732887734224,113.63055724073202,877.6466320674401,213.5609418329201,189.58339800208955,8969.17962736316,8096.813940365585,7143.254623671591,5599.1227767220535,8301.546282374002,2054.55089971683,1693.0297299773345,3815.4862232266732,9455.225625285413,8041.670282140188,3576.0413357855873,9225.193265901176,8753.430079487993,9074.497601869512,5969.162039134744,4840.632615413062,7532.874949012901,5488.6840295105085,3228.913457300556,8513.748632990206,1059.784715959172,7098.170368880519,1919.2073329974291,2283.213729230063,9045.541399494898,8472.744766599171,1684.7276472360682,5744.683713236105,6795.144311881959,7756.456869779714,9844.456872260218,9410.96014016456,8277.240500443491,2745.8938815791776,8347.247663138944,7425.072974151358,3617.9297356452066,7580.1395318357045,6535.943886620484,7964.5477825086355,5195.737733516783,9249.016956553642,5717.574799886391,2968.7016522412714,8485.644992580792,7894.776552373712,7646.064493562378,4517.902988343428,9064.819114247932,4955.561005594173,3523.918100219904,4882.960971041027,5379.638290735646,5839.765765402394,1581.079607710078,7135.949902868891,9116.562651347,9724.464725479163,2067.3002530932145,4396.401354912072,7159.6667462208015,4874.0564551562375,5368.939182204119,6513.875537724878,6296.107090497082,7996.542479429849,7677.295116110841,9568.846864209936,4608.562753394746,2681.917126543894,1602.3170532647048,3022.519782164755,8932.150097116555,7986.40639672654,7949.761388240589,5925.60748917875,464.9761598562136,5163.844571270497,4223.472656910337,9340.357158495064,5083.795153718429,9587.12620425478,4242.35501345805,869.0217151059745,6557.182390935516,4746.8699834593135,1184.3838036509105,9787.293784306554,8279.745241798304,5617.694055314889,1522.8084210835855,6110.73115981793,2816.4287506821947,4642.704082129634,1637.290816332362,1626.2322265756982,5433.768820339754,4008.8235244766215,4827.91021331903,6428.55108259592,7958.306777292336,1371.3839989820908,720.6530112593938,3826.9232425842324,1248.8869694093405,4199.18197508929,4260.8095923941855,5642.964726936025,3638.0378728574074,1702.6050861326726,6806.834638584747,161.72230760613064,2085.480436756704,4257.857748031183,509.1791140388662,641.721191861799,8461.708936247473,6203.565386633177,452.0030139072814,4038.3491017489478,816.6314290998893,2471.4957816708406,3509.7352518610637,6362.355887364172,5516.270862444007,2549.9423608559327,3940.4154682822154,4757.035475405422,8107.555157270233,5531.374810286762,8976.542762381738,2254.7672900824823,830.8332736295355,3307.34921417198,2960.1654601101304,3458.1346648096096,5483.965358770913,3280.786339731816,6129.0767946121,4958.499938606217,3091.5530945158403,9306.45609853296,6136.247687225443,2942.6188575157216,9525.654914658853,1471.3921068770685,4890.212477519707,3442.653713256316,3605.128821517304,4650.2965250446005,3440.0899051687393,1247.2774691098548,2304.884900026708,8032.7126625381325,6757.596767805762,3959.4057691026037,1969.7132364531958,8217.646471618144,1812.75873540941,8572.526435241067,1727.7347178628731,6745.299818899924,8249.0895556935,8488.96106241034,4931.66259437756,7787.225835612741,5379.473479650892,7750.818494734256
2025-02-01,Entity_45,3043.3443484421678,2541.0511822020194,4172.019412649624,5534.715428962818,6067.357957543125,3587.7344132841854,9458.615359396486,894.325736211685,4039.2085744719902,9968.917012923692,1334.084759596527,3169.0140870085165,2296.4090882840655,7763.231036635285,3366.1326864264124,8200.063992331849,5587.100598939457,3390.654398268105,875.4830160561077,7373.493462566821,7420.857861083155,2771.326738244875,7330.519815435252,1863.1030503183526,3907.9172955580802,1307.9275478281097,1856.90376023265,5651.894305463065,1817.3775773678997,2332.345143490079,5031.655857833012,5320.620249299134,465.1731529215887,6279.757927615713,8388.438836703262,5473.082847471377,2206.664022028586,9420.342546538772,6128.4120713116745,5382.638929140274,4329.923532121882,7367.225675456676,7057.828999218718,3157.0831010497527,7932.771431785183,9999.465929191914,8177.635337033545,9426.949439370575,5791.001950886751,8743.241169631634,3070.472212967653,4930.735399833624,3749.1470217243573,690.6173169922839,6193.990345818803,4800.152455515908,6058.409194220245,7350.776789270566,8649.58870050666,4580.821549278647,8860.624751626206,9762.866473071606,174.18474473062395,4941.013900370371,7774.507672508635,5138.258957750714,8978.56219910993,6614.074630777839,3335.569690225056,8020.604953886458,1197.6674247069884,6689.179415875087,580.2557566273262,2403.2436096144065,1764.4711838338812,1740.6363312360716,5283.657807396003,5330.969658860064,6646.221796133312,2609.4347627586703,4480.501782493546,9032.2724675427,1632.218434638519,8875.063118353408,5395.8570348821395,8394.594590354192,2840.7095408812397,2343.0825392329443,5654.28830862254,7519.862235825994,1387.9485098478413,2139.4154386427545,3877.139242260806,4039.2888436004546,3860.538189623547,4942.447084202513,892.554124537829,6316.472775205925,2516.497401503389,8837.42994538597,2427.2641058257636,5285.055945533139,6760.405326977081,729.3567955031252,9435.555816645307,8151.315414424837,6326.929828243142,4310.324281109473,2078.812859756351,2805.6549808972773,4167.202738735307,7061.670365248271,808.8290825141601,6148.315809844092,2816.6330809783326,8275.363177441799,4636.198258659305,9255.706074449412,9848.873344312024,2446.0132547292155,6044.519128107552,1990.2821660772333,4358.403898252359,1591.9592576553073,6175.475831115242,1627.7292440962008,1591.8232907979136,7715.067545750593,3488.029671894106,8667.99981553454,3586.804760832054,4531.455847965268,7572.104442158052,7268.118226621669,3721.2590986119876,3918.3130285636935,8070.06750511701,1870.98433619146,8851.638422895727,9968.79754120219,3280.6270186458823,6604.031995119033,3307.246965273518,945.0202142530592,5117.293445331374,2162.4513064841594,3970.387361854748,7605.429505349624,4549.711784657102,5400.722737256499,7888.079335954955,7128.6796862957035,1901.3773443393602,3338.334831501948,3223.643315041967,1346.3776152727055,3622.796785281836,4619.49790890331,4920.210884234329,4414.846490997303,8227.667162271435,598.1183719661555,6195.166874561006,5349.234485684193,7640.587333306175,9143.189454357891,4580.104919411702,1783.9611551252694,4426.295778240274,4519.332788056226,5729.5439298116025,9552.047012085188,8605.035857617444,6175.314668796568,5232.445847408419,8399.736984943336,5801.648727001597,3463.7429546017174,4092.839746350952,6747.823618520969,7502.255606088944,6581.890835497405,1481.3134914095053,2025.5926103974743,8661.565065985877,1412.0963641786732,4777.293507111971,9838.162592862867,3048.3731035807878,1368.67096331546,6607.1853348751465,2599.1486745681227,5651.947958374783,7765.847952718687,7809.509103148915,8868.95961157562,4474.71881359799,1463.3739553705868,5171.163149666534,497.9776403875187
2025-02-01,Entity_46,6602.259977922855,2394.6679134521346,4962.639502410662,1416.61894761983,9889.2843932463,8112.211088702551,553.5577473485796,4132.075782062097,7359.205544442603,796.7795388174925,2278.6104638138686,5223.072998831065,4662.3166528349675,3716.169830935495,3101.7602208871317,7400.791257434798,5155.524697228569,2003.9882004212989,4760.223340884118,5122.741423260008,590.6122920190551,838.5881743448806,2244.0095073455323,8367.847586981605,8142.174470408242,2577.797770157236,1448.9594050713345,6157.837826892632,2246.210253324763,4592.1029774620265,181.54925677873425,3441.633457539364,8773.58563330748,1067.6645699795654,1574.3623019353147,5532.448786413785,5391.965833426355,1104.1319133467232,5435.582907482932,3220.7247876564093,3669.8734315796232,9689.529020962835,6243.311959161251,7587.348263046924,2497.4225814853817,659.738605004333,4454.419333940731,789.3963502786212,3799.6733152214174,2133.706044504552,3358.6379799952815,2266.333389626207,441.7603564044001,7783.058978679428,4595.288098899916,4861.791989036552,3460.081814215262,3526.4292778016547,947.7582490510003,2670.912214040911,6758.072556797779,6396.049735663609,2007.0041423606428,252.69793847297908,2240.754057756021,9203.94745281015,8820.000126767498,6132.191140728172,395.92321618859074,2204.3773416139434,4712.979696855671,2807.629748588787,3247.334459199808,6416.952041273057,3428.2786670632186,5483.502921510562,5689.7075143967795,8459.084524478223,5031.271771453742,6507.8961566787975,9513.721767530109,7310.496261271781,8960.084012074643,5633.669397545638,336.09653978091126,1823.2622889260517,7812.2544133441415,3383.441600924836,3545.244287630754,8131.414645300551,8795.953886160236,2820.3400530979316,6654.006521196859,6436.066452490857,8421.917895232627,4462.976071266257,7002.635373505629,2961.6897619261185,2751.4968267757554,9298.589398238195,2784.053780712569,5357.265986032053,947.8394824508621,650.3169848154332,9543.266794026158,5165.877289924676,845.7509394886298,2029.2923170976553,9513.64317118218,806.1757803585119,3177.93018991989,2799.2772795619358,5297.41294599954,7793.507167267122,7661.813481053029,7300.301734622329,1786.1654479452914,4295.966024863102,2619.406838501699,8204.814005273991,3850.6983853311986,441.4951556208394,8737.056552965661,5999.631258877313,3094.7124149108968,7517.8776891606585,3661.88311531714,9330.247168453561,2976.571060066862,7471.723552595869,6317.076311422202,3584.9660245067503,3979.344017009516,928.2600371923436,7130.717654144913,3267.7735728513953,1196.3099386245817,4210.631921773665,5290.694596343716,9331.140223452521,8698.041220885203,6663.288636884641,7737.449859350137,2783.3355105209175,4517.765442287486,4837.431959629442,2361.154153349101,4182.37064566795,1168.0880704329802,7200.497247239436,3074.967911583402,8392.872369572564,9270.110352278347,5942.610270928201,6327.497995046254,4063.685300306713,9415.550867158601,9899.718077877857,7248.111195874588,2875.4464088243667,7375.885342279276,9418.819107422378,8634.841188070292,3116.008711518083,826.3862028200755,3899.346644462717,8876.537599975067,2138.1621413105977,5825.086325417665,546.4525948614507,6716.519135017129,6513.4078562713985,4380.791204585598,9705.210500902678,6473.948107226194,8509.975903260132,7270.617843807402,6329.589562150806,3790.721904590534,8850.223273383013,4911.367356739541,7795.363138931057,4084.571101629351,9618.582504363345,1882.5773812527477,6385.922880705175,8612.987831279872,9494.200636277374,4271.639410383277,166.44371017808587,8825.559507712362,4795.020626076058,1937.5980828115532,8068.993767770084,7640.160534908843,7795.044623979672,6653.7045288981835,7329.813700105688,5199.189296994523,3671.2428289155046
2025-02-01,Entity_47,316.92956378682993,4423.8276478957605,6436.409970395197,7732.911107812773,6138.035889905074,7992.438330648495,2711.4833836954394,7526.265138377934,9941.401070448068,4841.4068419058085,5968.025472241693,601.0130784320986,6101.5323835352965,302.4948157050847,8338.262857225642,3226.9453946755257,5039.141284799642,6064.732154555657,7623.810828325737,5364.807955257524,3460.0021669908156,2903.9017544365306,2656.8998846411982,3766.5574742788826,3799.6074813203086,2134.439689220714,689.6613906193961,297.40298315709845,8289.474343410286,323.6724616848579,5346.712139558781,814.728586672607,9110.886845347643,8471.26617477734,8123.968436193734,7997.904628817534,5449.7325256736,1903.36410717337,6871.681224978919,198.20099388708488,3612.147937496969,6262.819059392188,7087.437713300261,5498.254467090611,650.7725729863914,5254.823473582812,3609.529014306457,1541.1323371722353,5202.551563659839,7673.553798579351,2969.8946678518196,9754.915934191078,2269.566109393723,4389.805129832511,7826.950241120277,6137.10844715161,6497.19126690787,1671.285571974741,7565.987176695114,1120.301126562239,4648.291904762716,3513.451949080401,9690.833691846246,7061.528260892612,1060.9004839723125,2351.464104762732,2702.6858980120332,1348.9955495321142,4489.835571361039,2301.487589075596,3760.046331597945,393.7692826516064,6251.278984773695,601.3623780165021,7655.569481630617,6321.539550712426,7924.749069000633,6991.8685375148525,9114.472170591162,5019.838432338726,702.4267307965382,2431.9068573849618,1402.6491414407435,6038.868010084932,4281.867415609993,5327.511089756684,7867.822895533378,4733.529984023164,7294.837395614654,1582.095192530186,1554.9276401172742,5430.381794364914,4524.483914131068,5884.8650911728755,1435.164030626648,5668.306930507814,3874.427380798418,3223.150666988724,3923.123722825393,1661.4987523882753,975.5522970140623,8951.606906596779,7744.558582837834,7007.519450473379,4166.441473422667,3152.089222794815,3495.2363447494,8233.901478892676,7936.046233053152,575.5465942458925,1888.1601682976927,598.9205672910771,3964.1050965960058,1002.1324876471779,7782.98418059015,9483.608559115337,6968.711257984934,6014.0841508768945,724.4836811127319,5897.285485007673,1612.816654304253,4899.336780629397,4719.324063190354,920.4380551256951,227.66426014213647,6839.448130711386,3164.8111435139326,6473.672597889263,9905.58131086923,4587.800773536593,8810.951791522875,1065.0465563318544,1149.0003511325697,8927.50668211818,4182.917244564602,543.6837471766596,3333.8533454001695,3773.9867118696106,9852.483377010354,2596.811939568918,189.0656896569561,1402.390638707679,8535.628755359021,1989.7010723119301,227.67580514453033,3745.8525080952763,6564.8807719245015,3949.7965003045083,8546.088903353937,2339.21959262941,5277.0735000403465,2305.8159690164534,8230.848404638884,4339.599159881143,9879.204122691774,8325.919921427436,1468.1903662375678,7857.214295049564,3551.7508571730928,414.0767992727652,7613.517520572393,2002.2234523101924,9815.15209401248,3493.240516805838,5244.499726445532,5010.78445310416,752.8494814313407,4308.279495238996,6842.10818322582,4053.0793976767404,5347.321602436873,5244.360127614458,9430.901099639384,7583.701614823965,2296.8983482534004,5216.413398045597,3958.791950039346,2635.5488137595257,9288.547938999935,3528.9299966583512,3302.9414329760907,2952.7778863394956,2717.1480027889365,624.0358257458681,1306.6540115240202,281.4168714139556,4707.385640717745,6331.499434540783,8881.37046438811,1309.380896998214,6981.523872300095,4009.8559505235926,9775.602641016843,886.2276589614988,2573.480993442424,2760.993530996437,6152.544306013724,9148.874489681455,132.44139889785293,5407.335894515696
2025-02-01,Entity_48,5134.898342787772,6179.835880891972,9747.628641704368,7634.392946453124,7723.224020014541,744.9172984903951,4474.017669786384,6119.942282572345,2435.2847589430326,6592.980084994342,4965.413162827903,2438.8242017304083,6887.981802693717,8698.74691825192,6747.5189280195955,1500.9188679975055,2368.5730439552026,7241.005652105372,8404.382803900251,1336.2680268089077,9750.268442190267,922.1005010594828,8397.15743810653,5934.747764754044,926.8789747104556,7417.3464017824945,2933.73913753189,3553.533158681132,8261.986659898803,4510.577948129907,8348.258766011431,4780.3332950631375,2008.0008419585945,4787.673623210999,7735.753988383206,6828.055696754189,9770.152797198414,3719.0216993372837,2652.7338256867533,9326.865886863749,6632.042742363209,8720.08514140231,8012.558779451273,7567.5971113534,6343.414051241897,3799.8625176370397,7427.896020783586,5765.0557655186785,326.51285577688384,4123.371706733304,5025.987125712,8194.94979369403,6749.968523024144,9919.47305845635,8227.97880779238,860.5791989653974,7772.461871590216,1539.8255396272182,5559.779886187888,5930.749902749207,5434.577255303967,9675.4477770326,9013.108434548078,8248.990919664331,1595.3933545664863,3444.1519428281695,4707.754232049249,5147.861747260874,7449.565953435534,4506.168279737072,5708.617590057175,216.95967743636652,7148.080123347244,1237.7041816354074,9533.20858851315,3650.3619400311927,5590.617035105674,1025.7969105442653,5142.390788059686,4712.067193257924,2593.9805074089645,1307.8409857718318,5337.8351893250065,5769.677854720152,6686.03068702621,1709.9275191964223,9462.331384955372,2090.148454580958,8606.461732602422,6790.9662710979155,7586.521796593158,3839.1957886580726,4576.960530557442,6881.241212123908,8357.691914749676,4970.419747231742,5682.373710694727,9940.082624875065,7819.946706161922,8475.463108911883,6862.979895192718,4916.272080454027,2709.1548743443013,4503.949612464955,4719.676092238431,1730.3121976040716,8328.938875100757,4845.30220471893,7726.506817267297,3403.3304729757374,9954.967606296268,8779.58843626482,3060.2104620487435,6641.299476179646,9077.384581161165,8277.010677717783,3754.2479190258064,6262.867443755693,8918.378800662036,3095.4537818350796,5825.061858588499,138.49370623934897,5036.610299725529,2782.1832093284465,3154.119835245594,6260.476971954616,4025.558603761036,6679.9413576930965,7698.0754469756275,981.6451887284463,9677.481825210964,6537.847417638066,3796.1782889658775,5225.241456428001,4315.891519702881,8462.741117527454,6973.289991925504,9690.180916798494,6225.162775611994,6094.549865257289,5127.449010728124,7900.685778592791,9260.504523627214,2694.0530401223964,1720.107097051834,1462.6013291627223,1220.0022782181886,4883.184209367484,4792.407922228444,9059.853477072898,5077.1956797667135,1563.381826491978,328.2741824364324,2511.2949029386104,1585.9722109840532,1653.6841056060512,3664.618476012957,3051.7381264650876,2885.9992035325868,845.5109070570983,4931.493682630274,3575.726124303241,538.0366850977867,9900.125445560201,197.1346117091568,4347.268244215733,5926.020418488583,7036.67015215187,395.4484973847578,1759.8541432419574,8966.630361144284,3108.006664839333,2578.550559338191,4343.484719357399,3900.993676490273,2687.076924929305,2870.362961975968,223.30786767754776,433.9374091117172,8729.09664536489,8485.82833239435,1170.9998891417004,9737.152915592906,6454.153938461007,7576.779241859295,8208.799645792686,5223.332145798881,570.1459109839149,5521.589156764275,2014.5348024424704,5149.716122142312,2750.9972909301714,5854.42551588759,6643.621030072192,6698.562488346482,2592.4112849846206,5493.198535122547,8914.485473744073,4558.238955972991,458.6713820582373
2025-02-01,Entity_49,8092.359598799451,5500.553960363317,7927.2408175210685,6426.123756839342,748.2192840967351,9978.40115578527,4454.8131158265305,8320.316109563433,4788.3955010509,9716.206992732195,9293.491277818111,9612.63589934926,4242.839676984584,4777.785877729759,6202.832827530411,834.4790465062099,6077.3490788261715,6514.286151890474,7490.051992992192,1385.5872238969469,3192.5462665469063,4849.9311308628185,664.3262963005127,2141.9416819478984,4024.6991347147887,1209.5685305359104,329.2244603144782,4203.548461399338,9898.750507856583,7638.624086133372,2757.092563517059,354.29674814996963,5686.179673694335,2666.829957844306,3104.904785145295,9848.047437807012,6440.576457806239,7174.37610173796,145.93926258312453,5564.5040846858155,7904.764101846285,7236.2742631853,7379.083852239981,6091.355657954386,7374.380054051176,8155.392497712881,962.8607591928674,503.7501516876233,9769.389011091382,3248.5151531874367,9499.035340980032,8343.771344959758,5477.434010813261,5959.782282230746,2485.1157277603475,4710.923153680197,5769.062696064818,4768.718348443084,2076.509865333816,7307.257404806618,8915.962104818498,1393.882191621123,6530.022227578096,309.2251626090273,3051.69963236587,7086.794703945923,8616.723341195584,4237.423262838321,8747.139800377941,2030.6329944589504,6971.764691575966,3676.3129729644907,4586.815114099717,7442.789830234803,1069.689508890541,4132.872156793483,9488.304693460166,4717.249682550456,2968.851089522039,2860.6927696505686,5764.47343121131,9778.859537594826,9224.8520642325,4268.892156487653,976.1387808715759,2681.8373344746315,1653.4372866754838,5184.826536274273,4870.563927937921,5630.54118457555,7895.3198255862,1921.9268211710728,9075.974202661106,8276.909582650775,6713.786102225379,1099.9481177303728,5892.922237971884,9843.93600894523,3851.98174760813,496.29379557133126,2506.6312860615344,1608.815568840339,5545.324086045109,939.412590158499,6564.02344904057,5193.59538294811,4508.562402446696,1229.833593277976,5352.846504193307,6168.780770037573,9014.537602800252,7838.105053383061,150.91925555456504,8487.201521416131,3979.548486753579,1378.189872753582,2299.4344589159164,9665.903584740045,3045.636028679473,8660.295308646304,5492.139675769392,9809.702766658547,2979.508920533431,1519.135804889599,1200.4645962043942,6871.004151079918,6886.865479457824,9393.98005049616,510.6812588827155,7186.673064239407,7581.031992626371,6340.077614007317,854.7547990068624,4089.675446919376,8660.688007506571,441.8167192186873,2789.742521957369,512.5391969553302,721.0308257029153,2654.5315019247046,1728.2341161722234,3171.698534891534,358.4792314252932,1340.0538282411794,9363.525695508402,6245.789287554256,6381.613141554354,3015.6826557695263,8927.382286570208,6246.167394909466,4952.506697445719,2393.3624497181995,3365.045244572115,9773.35965804594,7526.322670795215,4245.376657087505,5530.528281085752,5129.106333527194,1174.1893527533307,1938.7135068869666,9204.045145170552,7117.103158946298,5832.963923364737,2054.8645242033017,829.3673770743617,9226.625884560399,3729.152006069478,7889.353641116957,9047.318797449558,5831.720744928456,5574.576305385279,9020.832135292794,9977.95321318933,4960.053378869849,1985.6161891062632,3837.6568569978217,9542.266302136259,929.3498877914313,9072.010048597956,5923.961351441477,4622.629908945998,3365.919272322949,9801.969168624979,5653.696945317207,8254.80510663225,2523.8778305852215,5420.318177236283,2571.0460996601996,7719.8536590437625,3852.39220504629,7765.290090304751,7758.485020111575,710.930717812685,8815.508598176031,3472.343698114321,1264.6463838398035,7914.062172480676,1818.2641514146537,821.2845104972655,2245.5298717903943
2025-02-01,Entity_50,7804.360190046043,5882.8691241076385,5597.435765595603,193.1065320986243,1300.7398312648186,9550.454735570933,7184.558644760816,346.7188066064215,4949.7988976870565,5202.637367160684,9902.54174744683,9777.72458193502,4518.543848154226,3643.5668946911223,3736.5094943924564,1354.6945103077567,7104.126932135519,3037.404947937497,9628.784154081255,6006.052126565037,6000.084912100379,748.6384541007303,5650.51051704987,9133.618328149636,2173.9122314209862,9636.243133791453,9145.281534238213,8932.084996266083,4668.283158673579,6608.912347876759,136.43418423318118,907.2417097066156,3883.629213938761,6339.818989384518,3905.031126515264,6346.180113697015,7081.797191910394,9069.566464174906,1079.9908062554523,1132.7267034829651,7827.906922612389,1265.3342202703845,1889.039813607336,2941.787795812363,8311.485035021698,3588.842379371595,5322.635787696629,5403.666261112093,8684.233942836361,1993.7323765395086,1660.9156889087753,8993.04289554674,3377.8443916685333,7300.943586610417,6678.63324388045,2010.8147063824872,8991.705931470617,2164.9421198302034,2042.3243338768566,6578.972201980999,1881.4913970507505,4106.148496248158,3933.50510522798,9667.03468771248,9808.938494184053,3961.344883423249,6501.298166984424,5368.546358770725,7382.142542521431,6657.8955928311125,2699.9488906859806,3858.6837327363655,8325.027275135451,1972.4835797902895,6779.520628389379,4998.9025801701955,561.4279623269492,9603.849462578572,4857.402209227982,3371.60282075843,7830.760609586159,8626.321089527839,1770.1130389063655,6569.1940768195245,5462.516272295301,8203.06838281769,8091.492852090741,5739.53609835932,5211.537128493595,6018.0190402118415,5995.840995530656,3072.6609002344176,8177.096606463236,9027.945944822726,3415.757066582241,185.64692108083963,5643.212356796258,7406.934051198354,4408.670583340524,7437.1081128217775,556.24995451931,5508.340065894455,6976.967153080563,214.68624803653825,6668.173488920237,1335.570480260705,3559.911246604456,563.011996935729,609.8212554065728,2756.3709522575577,2955.3296925984087,9840.89320050289,2458.59236668673,5025.924690509616,5899.49874510493,1808.674376588361,2588.2851355324287,9095.034036735764,1081.5993948084651,4444.0205416905255,586.545465057914,5218.261431855819,5871.143863428844,721.3954316797173,5154.5561970612935,6115.542227998257,1242.5627894847798,464.2173027898589,1741.8951711621523,2245.082185842383,2724.2184626309026,2899.5692305676876,1885.5608981988587,9618.956288347976,5415.1711453476455,5529.398623972791,4758.910785365576,3119.562279009733,5214.529596620507,7999.339797595217,3005.7731224424097,6190.821817484784,6745.390128382723,5222.330236608824,5004.411096094259,1370.03335647503,1640.257023083509,3960.2590876210897,3178.182463485284,8515.96565986606,1091.3051095313492,5313.146266231977,7823.694239843093,4279.1815598539015,1324.5081951548116,4823.664176755752,2156.2258397160576,4463.190972288131,7771.930596374425,4958.3472145410215,9544.355362028138,8941.853941620831,511.9378284130157,9341.444778960793,1197.4060059443902,8035.358623628016,800.7963350179706,5217.513615904858,4807.972550116776,1339.2440157596106,2717.6211381048265,9558.614757368028,6106.774931501261,8326.18352031123,1865.3535046520367,7812.4213441764705,2446.5390092379675,9595.71311769391,7411.566169559235,5330.214422982812,6222.557757241179,3832.933175418235,9870.439687168691,3029.4812523694663,2859.748597234861,9794.880210517942,8809.596317506812,7954.120658513085,5871.669900681269,6464.279522721967,7735.673360107522,7296.903415250197,6535.446633767202,6541.955022871102,5824.640668543291,7843.476697897222,1995.9111081165977,4575.860029426339,2793.690953281973,1310.721160269852
2025-02-01,Entity_51,8212.190730494965,6361.796369719366,6790.780303887897,7496.0442291789295,9567.397782305903,1252.2689819688692,6891.603104566607,8960.437826458454,2467.264652333731,411.9738359087799,1099.6422936542108,3030.6286491666456,5425.132234944101,3915.546767060682,4733.22357032041,9615.075520548746,6777.8112146296335,1391.4527599947542,3134.6441852408434,1900.1158337673432,6858.414312158408,8488.68753096957,7385.433620424306,7507.667063750635,2118.056693745163,9684.41339968324,9552.641811567226,8504.620714526987,1077.257350925305,8712.041487819833,5962.479888451128,4575.1842790640385,3169.607493674121,2882.4706888363094,5098.413340603389,8086.600188745709,8799.404577999227,281.6808411687877,6110.952510524265,2312.4918664515208,4351.653829994878,5389.871649114806,6072.102430402679,8406.168519108938,8591.574249955314,9438.65901055826,8826.431497994852,3152.982011703743,8090.46789330995,8834.611603946192,8727.872005334333,392.1456411629361,9514.754873239392,565.1593923633042,8345.454084561774,1086.1478463893945,3954.082842463843,9140.270002553787,7534.653294154834,2500.6237859313524,3663.5637619364734,1141.4165819229727,6853.047877464725,7621.494553405091,488.63553017025845,815.7885009698074,5294.289805472622,6369.100267867342,4246.379903099613,6256.831680076446,4036.3318773428214,4942.432614834738,1066.2657057547274,8330.138404842519,2421.394061378102,9747.706605517587,1127.8238976444968,9063.342146009587,6298.5283239307455,8289.114372372023,1104.4077616059467,4750.055590282693,9153.459421875685,6204.690107279875,313.0091598498929,2223.616591430678,156.08390339535524,350.87312259849045,2455.6206870921046,2872.122111702264,4809.339516748824,5406.954086607582,4401.915807655832,5669.365084899179,787.5034276930668,256.2010874080895,3287.873184909111,8084.947624961747,6849.214421512818,4179.172443942368,143.93747834428345,688.4738682286136,8088.108593970884,1774.4648702338948,5660.590686175762,2639.884069839523,7035.965935278715,1373.8368145341444,7034.585130437277,1982.7814434665092,7034.411966515004,8727.243800055561,3012.4188838478767,6504.648776494992,9273.050765831473,8498.535608668406,990.7509071190127,4908.282661545928,9442.723799575118,7009.149514253703,9565.909914971753,8405.613637754748,8908.966586971446,4401.53508867799,2388.9873167507776,9335.9577132466,5347.296866786008,5177.205086044971,9275.619781952859,3508.1336659620683,7721.026083786223,5415.328012562824,8065.1677508218345,9910.315273936058,3111.7591570429645,6817.451122878348,2611.985997087397,870.7474314990817,6612.103214820064,6156.493774127388,7695.664774228593,8226.214136931418,2356.4105684549695,7867.997517647054,4817.973438490497,8176.981491068699,7107.849477879924,1554.4647736401816,3415.749207521127,2456.424879920744,8796.127165403095,9791.113129827496,9822.249778565176,6310.088006104392,3559.1947605435735,9221.054586377068,8781.002569284878,3873.6979034356414,5698.126646343403,5942.911841597494,217.41355778708595,8479.896089337988,7312.743833539307,6748.787678317495,9920.61447572646,4787.1868877110555,1647.8865328603763,6537.684385934501,3963.8767516268304,7818.139307167073,6264.340705711741,7298.521555071429,3874.14596283199,6760.069511158034,9033.428695950952,6240.245662072594,7552.437472299075,1404.8224897575042,4168.156520787263,3166.1341742825753,2843.013146345868,122.04672159005365,1286.5146997760266,4844.533410873606,3144.801696688081,3406.433601960363,3789.9230940123025,4518.801325155536,4859.3100604388865,5553.5891067912025,4048.68004364987,1532.1177838645572,9000.233707965492,1550.456283884387,1525.841046885729,9074.424020079698,1427.9450668916875,1654.0214002779205,1127.2189029558172,8447.438228722642
2025-02-01,Entity_52,9144.638828042167,5691.695162601797,1324.6838332420373,5440.794232396408,3670.1687376411237,7811.88096792148,7406.99342784107,659.3621224222234,8518.361629309598,6925.619371910673,4252.340721403464,1861.4482339760098,3696.499038071669,3548.8308529920178,6265.567471742189,8563.983891907672,8156.57374581338,9537.62511614036,8506.47320514645,1123.6029411514835,736.2305402141034,860.749720221323,1596.4627952712804,5049.102117873235,5546.016138532706,4992.681838794931,207.29633507863852,1380.0501549522983,1588.8972641320788,296.9107965250812,3065.462059989916,6397.703422128845,5702.562472950534,3323.499098574665,8171.6850384544805,9171.197075734292,2257.353180211858,4711.1853982492785,8545.903824016317,8198.962647819655,1071.9527639101218,4544.239617390745,3869.726347342251,4647.197902770279,804.2391145492791,8336.262820839338,8530.391570604897,6974.304343617801,3180.2411552164835,5928.7886226031815,7612.240116487975,3972.239673169879,3574.8117085224303,7920.4542476454035,5044.173309224812,9366.708000081486,8832.468432358002,8832.30344921399,4537.983655925361,5490.502191603283,8331.259437815006,1557.8719318857375,585.4962850886061,3295.97938367623,6077.156873217868,6525.464129079349,194.2184875932967,8293.544129543856,7328.544843594068,8235.166281858485,3716.0378170620256,7075.954349544048,9673.437973153139,3486.021423614964,4902.924985686228,8171.9806099816515,8740.274255938504,8276.881350345826,7516.770319381673,4203.020163804259,2078.0081263050333,8817.14328875854,4346.474076495638,8516.536479711793,7602.860815211857,5166.54876501928,6388.999767909227,1040.0203109620984,7798.150281506273,8843.055266248692,2767.2931277730604,1693.1334630209699,9158.51403614544,642.3975107438406,2570.5697008966486,7137.022967138756,3372.0091528902144,5480.641893428014,4532.801710687043,3731.7754906102587,8240.837031437648,3711.108895364516,444.0890712706073,167.23728816457285,8224.691245302427,6409.084632213281,5780.055215725739,9483.200694411114,6940.552598938486,2106.7599916205963,3104.059494577997,8170.792871957246,8108.545348037444,2650.6432773903193,9624.72867217358,2163.3016137660848,7870.740230846841,4034.941076954902,6533.101924100209,3625.2100272720927,122.54123431883772,7681.782601266313,4956.449095647133,338.3787378635451,8852.468939241979,310.34845070976223,6623.117174598356,6776.653728172014,9132.234133325115,2159.3397203311374,2057.9211729312256,3134.5861059553495,4524.559313884663,7664.624105092872,3245.012106440463,9354.696715565145,231.31675116816083,1990.8776351051927,7380.541657586647,3184.674299529746,4437.768281107016,1079.8384690511884,3045.2659836388893,5668.055714122653,5749.427258907947,9132.468551490605,4079.033846308964,9324.5490498588,6790.602092742995,7252.7351821514285,9327.45941973037,7783.714803023658,1524.5581208478723,3882.0590426699428,9186.32095055191,6066.6349445408305,2420.109348073208,1460.7191442223289,7913.608723952567,1165.9965669533258,1143.8801245536927,5421.671427985269,3448.028671240532,2955.139445136788,9716.165806715171,8267.963168128521,9510.527907383395,6799.225625582385,4611.169305948338,9475.584813510453,5270.534457202502,6179.202550171496,1620.5357768227432,1169.4871979619945,5810.352300463092,8389.400850940683,4652.2552753009,9712.709560849475,9291.086302714919,2875.983208222018,7193.711722428763,5439.389975418874,8452.879676263658,4289.130329770077,5514.306520243914,7945.332157427981,4900.004483684182,7684.967569253476,1906.3651055968187,7745.086425210095,4706.38505337553,5980.747331217026,4681.424360212974,347.6088230615653,1314.2631978406507,1955.9427856108182,2005.5551384161936,295.31039058105114,8183.662864700761,7702.516424832621
2025-02-01,Entity_53,1729.2819172104264,4832.770397769552,8218.369686962056,1756.6331203096217,454.15999589167086,2375.552802210657,2674.3735953884407,5334.445972214474,7957.1432155509765,8890.737284631321,4459.845498495951,8943.593128490465,6212.4639205537005,650.316681079382,2979.369257980213,7913.815382105094,3657.7128641749823,3417.3411411163934,3569.213670976209,9775.792413437435,7404.888155875151,5685.706619191667,635.7313071816204,370.4064215961573,5099.556289647422,862.0642179963253,822.5209271961501,5857.106623799758,1905.8632777297084,5192.025903566252,3930.5339099301586,1825.4556458533116,8256.032993188779,1501.031277665639,8067.279440032966,1386.3790187295174,8883.294230587664,6464.624988069084,5283.276314471108,2584.244397404078,6388.168220042332,1185.5177133526354,3808.378193380698,9871.673063174418,2881.3500152624256,4125.015659262774,1755.7584782318884,7673.44172301367,7487.794791906047,839.0465425817418,7819.705145121699,1252.5368170613492,8415.818998561332,1675.9246014420469,1982.080058120138,5814.353148797482,4030.1883435756504,3466.6141157177713,4291.374800991116,5270.805058126835,1257.4917883842036,8961.379544636744,3059.0250196087263,6793.660079241277,3684.0214977200776,9230.505514157185,9041.382749857272,8938.188243675015,192.06018343825647,4326.682928556494,5043.753797150146,6854.838786424134,2461.872767946785,6146.28391935118,8294.214113111888,1516.34538715135,4955.238764396818,7923.914295332907,5578.6570361295535,8151.9154290198985,9073.263298092741,5745.537041644193,2309.5966317909206,5603.68252805639,9606.223847389485,6895.270293007387,4247.133129831604,6890.541708237567,8448.076177657964,185.95180670110614,5075.961617957912,4766.012920769636,3329.0481186474117,4278.9426441322075,5708.697548732674,1746.5688470871087,4722.578718678822,6750.039746707563,7898.178741148712,6300.2778472212985,4745.3550320826735,4931.367212696432,3470.7813848756978,5391.572480192417,9019.62240698709,2414.5903930203176,8099.734335486966,2442.0656521552014,245.95757409229745,9340.165560651094,8728.930286432931,6696.919264439611,7076.345723367951,9181.328408463904,9227.437972717678,6672.1636769050165,3878.8859205681474,2708.89651498971,2701.2328035043315,3420.8256993024165,439.73424727723693,6417.826537060557,5385.935910542268,9436.630215436591,2533.076302621048,5882.926839910105,8329.031477966984,1042.7201806421008,5957.618450866299,6520.462031682694,459.64498649279204,1603.6131168412223,4211.777041189572,5627.994780045644,9006.387357194419,498.68920300064735,9992.731640510485,4532.871655559426,4393.883057580851,6039.660607148387,5790.983494532197,621.7615018979099,901.9020535391197,7457.291512485717,9683.497762756026,8820.809385668303,185.0788015076164,2132.6948058111484,3589.604548768448,2039.178985027312,1562.8507171566705,5584.8463517876,9148.90187734437,4582.663662399642,3973.5687120308257,4747.94605050005,2088.639871428524,8419.676971739551,7308.133235944735,7156.329578976108,5459.964050429984,3896.6573221720823,9442.083709800312,873.4711501009509,3081.8600921978455,2838.1472991196338,3591.82483914667,7828.131768300434,8142.160962712596,9039.248003019346,9230.772362235703,7672.478359487514,2374.762803301137,8012.787263385399,2714.4962378119135,8409.823967983819,5817.139729787141,7064.845817119256,5334.874228740905,8743.935590710826,3905.9781871637792,9626.124709309377,9030.32941579645,7781.8547854898125,9435.387043809667,3929.2749246205335,7831.632061908632,2077.3256907393557,8218.47996967021,4984.18477441196,8474.008495268738,3680.009838224968,9175.42986824753,283.11671032224615,261.62592495950037,3164.048829335855,9754.527237509774,1166.7405369080604,8458.55689296773,5015.845338333301
2025-02-01,Entity_54,7310.528955646932,1571.0435242008743,7038.170123215859,7085.3799712110485,5380.603194804109,2413.817431096055,9286.09753588902,7656.994309906836,9121.650742813703,3192.807253180457,6614.738134447368,1111.66494343143,1592.355957537111,8902.410708148855,6442.044099362946,5359.438433012174,2756.728597695934,7238.835809232543,3365.0264606657865,3359.6745975907415,8093.455939900623,3527.1648409642657,4145.157906533505,4138.0103728837075,3496.8840873158583,4927.28103052311,6276.280202338771,7263.2766087084965,8168.51093372554,8476.257438800072,9390.40513280982,3442.0747684236558,7979.547181633123,2100.0547506771527,5597.393886169531,8615.716273091504,3515.5262334749254,1873.9175295053415,8253.221270997195,6433.372763185747,8418.338199296822,8934.447070008939,7421.36693057064,4577.672520225745,7282.162348792654,3352.649027174104,7584.419467071194,4995.449036065068,6705.4346495114605,1206.864853072669,4968.962446290615,3957.327282748468,6868.254343215902,6058.127605898784,1911.0623734264752,9307.420982222708,4906.511888778987,514.2381742635159,919.5479584110813,1332.3086206566104,9803.435989913469,6637.602330206121,5418.8021166748595,5283.0368759819385,7814.363192741538,571.5843877451182,2848.3061749592657,4609.422025626326,6592.149639930684,4450.352988623333,8566.337913788138,1093.0808723442856,9430.389082927572,1678.0179699311223,2793.3549229775704,5766.142595461739,9446.267605376546,2073.5847288809055,7477.888099016475,8864.046140047536,8274.38890182029,3138.2291861551885,7019.258939162216,7967.632555405809,665.303387195536,9244.797718965612,9513.997520010022,4833.9347732386905,1914.5953923767795,4327.399249894039,7761.715311138172,1353.2317795879233,3260.9019151632324,4936.187349115906,6618.653211044132,453.6595470982249,5751.050639429117,1558.7193073326323,863.7057102240459,7050.581675208479,5679.774855735734,4232.663447031836,7855.529850628253,7713.328789166791,105.21620404332434,453.62661669435,4483.7435217857,6606.253747574263,7140.802486889055,6953.546135306704,1800.2200669783178,3752.9917164582284,8632.803314382956,990.0106148153777,1021.0335550518005,5016.967705410065,3079.1782572795873,3002.5724364222997,4554.8046792084515,7117.599318725491,7495.16141005372,3971.4212714270316,8122.078154618561,7901.146040672445,1751.6293261524318,7859.7963495583435,8453.846655036848,7201.810326217701,5766.531976381453,5090.90023738707,9569.446712618934,5366.197851970234,2796.6483966571027,4298.5693438373055,3316.390506631126,4361.940945494754,7610.105513979412,105.1728351147161,8492.228623764688,8524.784139372776,7224.969409763399,8995.504896422857,9702.932786301544,638.971710844242,4399.972196021709,611.5866809400823,2067.2178990509074,310.8843338765904,256.28127852988143,8369.445835655595,5389.281707861624,8430.703540076514,9388.079236671054,5241.084757515082,5607.661781069315,5376.923979486596,3159.466736064996,7788.838374997935,8279.355731623837,6485.6440707912025,6831.333798102086,5760.853919049806,7569.755238280316,7426.985130684505,622.4288078302332,5936.634688527662,5777.399307371492,1022.3879222852377,6997.899820998559,7576.941120362933,8987.544923699832,133.71853422921114,7846.926433665325,3267.5807504416434,9112.01640529235,8666.897491000947,9057.745296574929,9862.4981260862,5896.108493252993,9342.485961715785,7228.720169118265,8286.43254517001,6864.971299945801,6320.550321985581,5654.844378380366,7729.774503070329,900.2384638800726,8769.589042177742,1381.6368643022745,4296.453644145428,5091.757301806955,9276.67285512962,6843.7216951846285,6604.871840289017,8136.473394079215,796.1990944738175,2609.4344669301227,152.40194059809957,4636.911457552645,6064.8486465816195
2025-02-01,Entity_55,1583.9731693710414,8471.384990191289,1327.4971551294007,9117.82098435467,7468.108517749063,8945.660404220642,6283.4768671928305,2813.3294110379516,5943.949238400717,5326.199151839641,3022.714596453942,1980.2785032496427,6128.8998405967095,5289.369282734656,8123.679302717324,4847.858170674337,560.0776818306547,6104.93680749003,4207.3573246182395,396.22367111832466,4550.089199433341,3777.67669994099,6290.877603683238,793.5562876758406,851.0955757740628,8267.14896266647,6712.806721441311,4827.116044090971,4750.042530956998,8493.28741001567,4099.13392637106,2097.5008736046125,2272.852973074503,7532.195936517273,798.3716951090294,4504.830656535995,9999.615320479847,6903.695372235017,610.7896337042737,4127.031211331153,9279.191319857655,5951.903970813852,2178.9365004740253,9217.980390689023,5877.855184192487,6025.270846242606,5490.500090481524,6694.148676210201,2607.580266849361,7790.831815700426,9857.732636100362,7554.0349954013645,5373.841915335229,823.7589652663994,8548.659952268059,4477.498284114492,2109.7331037035283,1771.058687382563,5100.760691429733,8177.737206686884,2751.991668097843,1111.9906357402288,4187.063968002241,6487.991904156592,3250.3099775769247,4700.356560235948,9693.724862278717,8806.04904298862,4291.059407251632,641.8515796533283,6825.552010009031,6955.521452317923,4969.877331435819,7374.296831129516,9483.745869177523,6953.246337700622,4185.325002355307,1461.5230287697532,3013.9146882240616,8781.234560412804,5164.6277484751,6338.947440387389,8111.695933437046,4366.451098508468,5044.841504476981,4795.333182523927,3010.6443061281752,2166.54862646809,2287.415639326648,3266.7516239875226,9592.06696259916,9383.162017196577,4931.472376659671,7613.135778588311,8419.574201974374,5325.205671106245,8049.184356055806,4259.383753652574,4079.2774470441746,2223.9791126588743,2928.38458519151,6784.63554404061,5776.531754494298,2596.7220180136624,8388.417259400496,966.6909573048036,1397.0940047376002,5180.426535622212,9894.617612573773,6451.234827741528,2022.366938810573,2744.6875262083845,5700.517716676586,9919.014962714267,2058.9375780696328,6591.263880959628,4605.872139659951,8357.15131272695,3992.5782865573406,1900.650494633539,4362.790087994656,328.07235036752314,1085.8567493390938,2636.1092130376055,9760.467282353353,631.1182975797822,2324.322629811368,8318.703149042469,1799.9674145580045,6770.321619636618,4393.213576052086,7937.9722159549665,5544.7663234937045,6619.781847772072,9833.274029624181,8658.039009668688,5763.126209269791,9078.636482010732,3041.682818044705,7853.691605521225,5328.146809064574,6289.303839056719,2733.2654840311143,1785.5797999351219,4153.06495727179,6452.141580664572,8419.521992829534,7060.166875980828,8468.51273316456,4807.276821627117,7163.663868312879,1533.683532759147,6441.087555450492,8166.855320623821,1850.5462359916276,7662.190423240881,971.9145414401175,3316.0010735487376,2983.477249017778,5724.759485059741,6221.007995910989,7711.870169842556,9037.848455367675,6350.197418443768,6862.231289602273,1573.6346560842248,9583.755219375586,2062.789872895062,5974.360037593537,6437.675609689576,8399.716882196812,5935.102459798895,4640.778286196917,8562.142899031887,3427.2692309643303,6207.86864442863,3823.8742390952666,4107.886319390471,1011.707285023596,6062.444047814613,4083.8905018247287,5745.220355004632,5957.643719272545,3026.9255860403878,9924.51053411709,8813.978239332037,5601.755547550729,7910.1766776242075,4499.878698580842,5802.052594580619,5187.741618608139,8593.021134612447,4778.179424626347,4254.203277418903,3300.0662642827883,7264.20510897481,3302.7111113636006,4788.364950568493,7072.318056151452,985.9826755011243
2025-02-01,Entity_56,2229.886360696853,7827.344645146035,9075.876406563171,2991.965660495127,814.7196249218368,4562.042194532405,4932.897567075112,5994.645286176301,2694.083106310416,5130.617903339485,985.6138012051526,4411.785766971938,927.040271582457,3851.834504710577,9178.059517643222,8395.825899370264,4324.449911815905,1817.7851897586395,4262.104673038299,2159.453987840257,7549.955087268292,4097.717673203671,1185.0199439294684,2952.7153282960603,6668.330450726577,7511.762129951332,5993.15841073952,2952.734734963081,9268.925301632973,4583.820723941536,1736.0918215479392,3373.988383088798,9543.05200176845,7413.061792257865,3648.432916248572,952.4560059312482,5133.9898345853635,9736.721494109926,8133.1857693643515,1962.8678365479943,9680.423486513442,7341.491058896456,8229.177199377062,9900.444805318475,8471.576177110519,4991.854780949396,9438.1471747952,2088.4112374837964,1805.2688593650328,324.9066745518891,9964.738558031886,2618.7133752673744,4306.910850435436,2596.15289666671,7053.088779205425,9462.89567693408,6169.012249921289,6611.477586901709,824.412137417507,1639.8566112880924,2372.9388829885893,8854.350615278765,7894.69915617408,766.3841171636396,5666.660983308989,7562.658688555835,7903.064309003749,5282.85286779395,7606.235505115219,6469.55892336611,3374.2175094342647,2932.380347833188,5627.062462684965,4346.176427729802,4434.757897265203,6157.522520240571,365.8402107188223,4134.128855001982,8404.939332085733,9568.777970375453,2821.072415225483,6593.415175605165,8714.941719642133,6564.601907981029,4073.76223395261,1977.499868189885,2430.2350559771976,1052.6959924247717,5525.731337779727,7233.062386119281,2013.5071538891248,6420.611504521106,236.66671948076302,5345.9707770705045,6909.3142651203325,9304.384669807196,7238.317201221387,3065.8015491386996,4992.3362516606085,9609.588706298266,7321.527386783931,1231.3255437700923,7697.853505032404,3193.3983745834407,5716.274721459041,1895.0300692384558,5771.388665623737,9772.388183323099,7248.077329082969,1646.9158272124264,4481.241077123545,6381.179346125901,4012.5550213245388,228.74014675393747,3990.1715914253714,3710.370146833993,8177.658987942521,7726.839754742582,2065.9199749311056,1733.3702606817174,3195.230235194258,721.8873734687793,977.107799694422,7265.12883073437,959.0049175970101,7263.211693109213,3224.253551395115,2864.876887984895,1195.0334784501615,8503.642948460752,1734.3636485903298,4316.372495317062,331.810896779942,8128.915286781326,3148.9719805996315,2316.5912771174726,1840.9590228767372,3045.013102647071,3673.0411422141474,1268.04986815379,5710.615399326318,455.52937836401884,975.8672034965402,2549.383265262713,8067.096454483393,5813.172577754478,5523.774960457171,4099.561283073732,8301.512541852713,4462.178832186389,3948.819035498248,1158.231213236257,9786.198508917936,4505.589285214772,4092.4764572631416,2001.4301419510248,9415.178562203964,5739.878813237738,633.5903088947662,1912.1004855103383,8877.4588449224,7175.820274721156,5129.299566279066,7329.2326137489135,1649.8485040689372,968.1490376210656,4831.680033980818,6033.572447253562,7818.804631815437,5543.608010397724,1490.1891785188984,7649.9754385105825,7068.377341199824,5131.055156536604,5383.838651574239,1363.7845978562034,1091.6222307770654,8526.04029634342,8557.88739421188,1220.115473352376,9993.542366064159,2375.077745304896,6317.990524511376,4577.73877450308,4722.748367471475,9482.95453697018,6499.238746827204,7358.326342963086,6325.399224343719,751.1486688861598,8540.112001419113,2809.6726453027068,6745.929885160466,6096.939377159728,1482.0342147191757,8428.49879234549,3075.463797026945,7689.182734710355,4483.615043226965,5397.803612747383
2025-02-01,Entity_57,3159.2051767651783,6658.956412097229,2589.9050916785327,2081.086170839387,3229.9502279554913,5969.765644824659,8560.188793052968,2996.0681014053507,3791.372817702973,5786.857974226805,7082.400845246271,8315.647380655224,8094.874425659732,4632.314351811529,2106.8236725575302,6851.663354014913,3385.7536519411783,135.07697448227873,9012.893477182928,2761.1586137132035,4063.6594819116976,1020.4066624630484,3091.2318504340624,1769.0470303731083,191.5952225054729,4962.997894488845,5614.401880808805,1979.2999347934,4131.223896797026,1062.0384339687903,6986.1392479796805,7414.117466766507,5103.854382934277,9493.228590685696,5566.212040198525,2882.984532639432,9436.355600220772,7322.956473361733,894.1313598021106,1748.1185468652936,8751.442440871991,1992.5700763735588,8837.59334894823,2387.0858630106427,6907.619085409647,7199.38512516005,9623.375762469184,9657.153122570728,6026.9771970312895,7487.976836904877,6399.083336420979,1952.5325985026072,4135.980455238814,9840.692424473911,4076.9420673935074,509.76602693273026,5521.042442203856,2386.2573572903675,6044.8037192174215,9003.901217615721,1836.2537507323043,7951.819232726944,1339.1555351605223,5293.4285720176,674.8197259687631,8100.684964667965,4284.1930988175645,8460.567510758565,7164.910300572562,8783.768653070621,2689.6902964447536,2763.2898392885004,9310.646859115659,7585.527643856772,9358.790252193383,469.04737631122623,1057.329938381312,5769.7160561786295,9667.370642687412,5238.323613872652,9083.748536121066,401.26191863388124,8795.852721931418,6307.1274373346805,9670.298638469967,3572.70991747818,101.94516737032225,2620.9416691990605,7717.425467531817,713.0202688926793,9987.075593555513,2131.860512052177,1951.0778131216664,1328.0025361907612,2115.9872341182686,2075.440537872577,8573.773553126293,8310.198840636142,9077.489188488014,5836.75805992203,5311.600662814865,6920.7065786542635,6077.951515822748,3126.770373589636,4824.258372675549,4713.437967128182,5323.487596069534,9997.524862300284,3211.065459843399,1860.9116740602726,5201.141733233988,5090.021871326699,2552.584174026039,5987.278496609847,3993.0170333685546,3959.607700911479,2073.8581430546756,3316.0333183269877,4231.221630635074,1104.21357839075,2125.3121162479997,1244.436117679338,4267.442532315452,1030.904701721764,9889.826104343012,8481.22063819238,1855.5973284217434,9959.387544327305,8915.391183500442,1395.72693193359,9851.308133820281,972.8096558959109,4174.974685321093,1852.7611946414183,7245.618988700268,1012.075741556409,3240.60076474732,840.0039420096903,9298.310147844893,886.867289095994,8894.663139296563,6367.184297329531,7643.224253879009,4226.741705491679,4651.044765105205,4680.993749563889,413.7591569859336,4286.234724035763,2165.032637647386,8318.107471248413,1802.040065050138,7292.2439404342385,7476.875755682335,3103.352223292634,5722.361657008713,7689.641161397292,5899.301624378965,9794.278131654426,6476.586062785444,5790.8305233680885,5393.836396807567,8851.445770553626,5523.285359715404,3017.046147764357,5539.020203926847,1712.1890657436734,4228.8620020468015,1049.3595724666586,9787.327343017992,2315.7087815711234,5691.582144720429,401.5432937631856,7048.636117040814,2551.0582074888325,9442.679465265139,2421.3343725048608,4799.337069141265,8074.567995937789,8798.547290406275,4415.360597292059,7304.210844680352,9764.881005763606,641.8009446770425,2974.147712010629,5337.55744716723,691.9415993111155,7897.40697295046,5863.757506058613,1680.8293522916654,7071.828926556546,8883.998415679582,3468.7440701846335,1433.6052920722868,5356.7103468608975,9464.038797668454,6924.300480539931,5006.634390964204,2525.378075317561,5059.162853961748,8307.008379404238
2025-02-01,Entity_58,8273.120184849777,6096.443946215804,4241.156378830915,3894.8746541579767,7432.293818549086,9265.137713399112,2834.9583360701386,4438.15274000582,7017.525790998393,5977.009868294228,781.113845475445,1152.7646230090058,7046.166638458546,341.84693526318983,9831.952055775015,8941.170698206577,2263.197171476644,5525.639465820354,7486.353847942283,9251.907325060058,5131.136863539629,7709.6210717531685,5443.21374970291,4645.738478936818,1827.5850128146064,5323.538709080671,3871.4804838502723,9144.291023623346,178.0575523244065,2312.2790212695386,5940.838529456885,4028.580464328673,209.93175520244313,4841.775777985601,1846.387093113288,9664.18940952791,6800.765681498642,8257.372998439696,1854.3596721545364,4622.8210540922555,3944.108226628085,2470.1583844403162,557.3393789190288,2037.3205773943896,7900.126390574227,8101.7604218863,9541.914899207473,6200.160930829118,1601.0793047707523,8638.44324580864,4036.865948705859,2035.8872608280221,5940.858052351937,6984.129180053486,8785.882768142978,821.1428359909323,1220.4020867383888,8836.911860437547,1171.4634856755256,2076.2218273736516,4166.050526108156,7962.937668054578,1902.8121268741002,7847.12906313894,2884.6712808607363,3608.7808259772532,6727.122377434655,2315.7832178330664,6644.413264489963,3975.470004599576,182.98682859693506,1906.8411127026855,2465.536368145686,6729.765484188007,3850.1949793163303,737.4304409234499,1247.1071879030965,3319.7259235009637,7153.317125934088,7285.4003509083705,4877.1347682319665,4545.75031120689,6859.062339700286,2040.2109059368847,3076.853731488054,7957.606750950781,6897.492770014627,3648.209336124505,5016.750688224842,3964.9032981443133,4412.88749159756,5963.707199339023,3558.3317116576973,7855.581363137019,7868.434997369633,549.4926504730895,816.488360996502,5641.368694617404,128.96801450746236,3619.9619452708143,699.0653132242048,2314.183651702946,7986.94255200396,2967.047881927815,5492.534641469999,9540.384328781636,2017.015528586412,2310.4441356478824,3948.8279707503225,4592.757329728813,7600.326997360168,6972.133466327631,2114.5039394426767,8543.32731961258,3499.7575379276445,6755.663582188856,7269.436011228934,4363.626499547074,9829.352927366377,9355.8419029178,9290.245146780937,5480.9702290359255,1325.3646715040984,4751.461261941908,1076.4904343455023,8038.073211301134,7084.610884349731,3221.1477849648268,4147.086353380095,2555.9993214557117,1444.1361202027083,1472.328734764957,6271.998713847567,1844.9352487500284,6741.115082870592,8074.899342770144,9187.009346694436,1306.0349178673196,7978.94803740128,1362.2736644312129,963.7868958808532,9196.456301029388,8306.236881308647,5797.306902235417,5742.906046731036,489.5641120098224,8594.10704723839,5738.944404301037,5816.068705129783,4182.195181681642,8643.993324951714,4141.816039016603,7995.233696837826,5252.788110041493,476.36185197340643,7049.527850869109,4851.553811967374,6123.0357395264855,6482.209502683139,4677.647554619302,7663.639090867484,1574.8199022526314,4749.0060124275715,1712.3865798497309,7825.578715611766,8987.725677169166,9666.986755979278,6178.4247249730215,3622.927204998006,2597.1388223024605,6495.276343783644,7601.556285699757,2264.518277218753,4245.795991090702,8209.166874714469,3649.6802207668707,6511.993071947049,601.1698826409108,9591.716271007179,3459.7260970857174,2341.1299741706544,4154.002295468912,6880.830388478754,8494.50444486722,4577.31624099972,1492.6636966030692,5849.889640217246,2050.0280628282794,3250.5143216113947,8772.214780796585,8394.413625308538,3550.460309317092,4758.138355988888,7923.147326844529,5286.66542547266,7427.850860461952,6741.2358876217595,7858.2778233535455,6578.204600297913,7018.736617357103
2025-02-01,Entity_59,9697.571235210497,7579.456534010583,6270.387361273648,2540.2665284588484,5092.832591383778,6857.622172991646,7992.299937171021,6914.568496291548,9406.527730634538,8294.73683777123,8033.677847532816,3844.6717864524103,5865.632377370054,7595.441321072062,4410.40023840263,9294.72128525513,3342.1076729464658,9987.031850037854,3162.82360859831,4922.585938910312,3631.33823143003,1448.4739813709612,2977.195683984127,4321.585478704837,7838.859037838886,3475.693088014346,4245.686562064963,2238.468464839838,7985.0210812738405,3870.5080045594104,2728.225981128579,1946.6641855840023,9899.401617593987,6747.879163330358,4461.561016271121,5721.718961087739,7077.452428609212,5709.046128733688,4020.3820352026187,5255.6811515370055,9054.038879835658,8395.412861076342,4171.550431271107,4490.849923374146,6185.1789664262515,1932.7215397826644,6640.283499797625,5691.681423099302,3490.0664786069733,2370.17446918299,1211.197865326489,9464.286091286285,9542.905412127571,6446.195281842963,2638.6103871433975,7771.075199480048,3736.3855929699694,8576.863497218385,8836.711335703476,744.4315861697864,4743.0641773461875,5605.091063970024,2733.3947869046947,8517.966936882263,6610.039984338448,947.4471134848917,7434.472317132598,6227.454436339628,1081.6589777427332,4596.193635279562,1035.0544255005689,2750.3429927420134,4614.525779603593,8469.004604231683,5713.338357719078,9150.650644886982,7327.566482824151,2588.048911115385,5370.236716767716,5140.211807038545,593.2808162059603,5283.144671364509,9664.611847934968,6186.840619759204,2071.502997785557,5068.4085531603905,5494.479122561515,511.3997797429679,7051.405309803831,9738.862467538682,9535.35968284352,110.66196322483269,1356.2868748485453,6448.6924614195495,5430.901698305998,4661.60738001213,4423.996023887858,2932.7736510331815,1915.6163120971464,8525.893586996792,3783.0683417437344,7948.313564964468,6143.601502090686,6369.818607005344,1859.066392025544,9571.482408672027,2361.8439053928923,104.89375072314603,6961.75248507914,4351.888595288894,8297.91752478662,2455.16742626907,6580.7939695041105,7643.50758845653,5585.485102034083,5924.279433985299,7190.545334051382,5900.32319092926,2389.7643863377593,8017.416716531694,1167.738724466716,5091.500729542047,8994.845908329251,5743.677718225502,1754.6453795155253,9958.07678695266,2738.1433769455466,1878.9013388366423,2010.401350013069,2431.220296322483,9873.529871804843,8538.050110274633,4467.865324898229,9980.580664872234,9134.847142062228,9658.520507429965,9631.941723497852,6960.681751241866,9342.408640130128,5834.105157948622,4020.0234201128596,1438.798387236766,5510.102916105763,4952.661620077706,6113.692415009345,9703.110774869203,8764.41638346512,1433.1596598890153,8259.495050114867,5609.161173469084,7863.014217839482,2514.3276103782896,2969.3991595390044,3955.141932594191,9579.895159900932,6745.929776161068,5426.307279707445,8151.9113622347895,9993.427287701656,7009.605203738999,9988.997446199324,5667.0098930755885,3656.7717771959183,7898.198788525836,8302.283724461586,5289.520286313441,6868.783079943531,931.7187757123802,3293.012687581605,1606.0340153019174,6926.768551244886,9660.224701312703,3914.41628843089,4027.949030531455,3332.7512693160015,1351.3340790785082,3070.009384954353,6865.5547232734025,5796.779057886018,1584.8830896790014,663.751503215885,1253.0162907243907,5073.289516668074,4498.170869806765,8681.215599424342,7760.97791011432,255.8105701728144,4883.345378421085,2335.185879177936,7214.243148714361,4224.792973360678,9693.739712908166,8622.466553129376,1653.3174473669612,3062.027385719959,8736.001448001913,8786.785959675912,9174.697406878666,8095.595270589828,5392.473590472507
2025-02-01,Entity_60,3944.1531732613516,6820.5675715774005,9866.877712231935,985.9820471488363,9450.155475521007,5782.304377586089,498.4133824810421,2809.8367444719242,4575.825638091992,8717.796648038162,5980.899993152296,3190.7696566176555,7970.456244762775,3396.985076827849,1692.0534611039786,6612.316392080987,8114.69623573557,2095.863690140825,3807.6334583012767,8119.123885760916,8444.694086112386,777.3917968223959,616.5091378266134,1196.861437600228,8023.036024333613,910.6780034881115,9371.223448361041,3439.415421366781,6034.691566094942,1469.2325022624623,8120.782804108916,4940.504624806728,1624.620613096004,6878.276179913434,9784.631681816063,1625.7254004357956,3343.1172199023254,8581.846462641763,8482.788131636993,9037.157518996388,5738.981851787967,4256.288855428465,6697.819254225554,7948.845031166841,3813.6125445272155,2033.67814513696,3446.5092044135677,6921.232776385886,9480.096563464878,189.75606623917764,9190.969594341957,5425.9471660930085,6998.790996880331,4022.1432598018837,393.0992737787147,2676.1116538098768,7274.05863447621,1188.9420594634353,4655.221886562341,5696.9765027852,6714.552443670082,2184.654387524295,1720.0397888032458,4281.783910436522,521.51845048834,6591.888195998209,6770.511219896003,5467.671383362028,9785.950941247904,4512.2222947712735,5345.414425878085,4922.862220729147,3501.8345964423543,3084.0523131300833,825.1979857996297,4688.712768034306,8574.62556854644,6930.278540341345,5916.23130998402,2543.270990856058,2626.947209971642,730.4748557937036,3143.319975271452,2254.203090654247,7024.8776308861125,3222.0597629441813,2700.242864119693,8344.615918406611,5897.0301014199795,1250.7803972143117,2380.545437725048,7501.1671051782705,1295.517811158533,754.4375448863663,2123.9983627853408,1747.5949349025695,2342.199180121445,7862.6270412295025,8461.663649165515,6667.993014523675,9659.68104836939,6694.929326865008,4516.871588149954,9208.999402043555,6614.642846769151,8565.90693879766,6167.6570867966575,3745.4910874754187,3495.622679056824,2224.9644889525225,2929.9667498659987,1951.2401636718887,6408.223536653205,5300.577427935168,5512.4048428591905,5867.876892420359,3785.6710551379574,436.7814414729205,5267.060320949133,9165.180480988549,8523.599630063905,3044.050210645208,8820.87151573563,6868.43087842165,1717.0277606920629,1666.386692070156,7327.081015866088,8691.424598927053,4417.786004871612,7863.629136351657,8041.114475393912,6889.256901419284,696.1104063317619,8985.625137655075,8365.313941672732,2333.8619691288377,8264.97115226882,8657.726729007272,1496.7314311536175,3106.2052931758644,3668.7438546696185,4917.912357319362,6101.864866769676,7562.645823265947,6512.46003020117,6178.443842129815,1897.6498197767207,9957.046697922553,9065.82679189529,2297.7822579847693,5444.938244178434,8641.629770639087,1163.0689886260634,3130.9854824966596,1211.0580473506325,8355.536278586673,7183.19169626924,7543.683508943853,2960.298124482913,7832.33710892974,9025.026766745974,7609.819571603322,8998.01587936014,3155.0053607281206,8719.123559158139,9858.89036698015,487.4214877494825,9376.00677687748,1225.1071355087786,7952.417253000053,9526.45342645431,3618.3388373612447,9927.275048461184,3732.512686558226,561.1286013334645,863.0962168573836,4411.197395980798,9743.534687386275,2545.029302780414,6373.165842163962,6095.007591867952,939.6639691557932,5972.716250223859,4511.406634389022,7201.422947974663,9436.89350483736,640.0240032812264,3224.6355188772727,6603.580104318892,586.6083540734709,4137.94517380775,5431.484455818715,9158.817208119084,7167.091455142763,8149.390467300337,4705.726390800462,3254.7964052273333,9165.078673073416,7404.1742297219,5435.803650704437
2025-02-01,Entity_61,1869.5950337261115,7237.882733336348,1889.3800557935883,5038.216359610048,5516.890953474297,101.82757875156315,8257.001465694852,1720.0409944535907,9044.2533620757,1650.087605558953,6532.896041333244,8902.384383697337,881.5247999414632,3815.4741537820237,760.0936711245405,8542.530474296387,7238.5362562724085,3942.7702901022185,6417.2896300657,3985.5091941417536,659.3444164472783,6167.668571010101,501.53262961712096,7735.730539428609,1735.6563328675688,9552.868003378422,6554.678722758874,4477.26837460054,6408.196206350743,854.8393836167584,9950.543919878095,9836.821662985321,9004.318853243281,6730.8478768947725,6054.266391421526,6989.693103102352,5986.0042757320325,2483.9924600786226,3982.17815420111,9821.341087635965,2318.8211633037054,3660.1467700287444,2481.710650523431,2466.2060772552272,763.1859665798606,7730.849544201367,631.6745830005549,8125.085220845068,8942.569765027092,6266.468597901261,8028.886314958663,2426.528860221382,2754.3073745140796,3453.7236825877585,9431.303418860982,4398.974941664518,919.9005984841045,9422.92641701373,8058.358911281194,5984.816694872601,5184.741592983558,4871.656230176544,1842.866445039379,1526.1220058171227,8768.59124405423,2534.4704994319827,7900.967024621392,5866.84259551693,7782.329250156247,2555.53291767581,6108.400091205273,3641.849634023023,2523.3820973038655,9840.208780367788,6259.776364558998,3726.045290183088,594.6063755182399,2067.637023996668,7516.225085554753,4868.943853089395,7600.0008674160845,2002.5203785507654,7267.9969976736475,8291.250851688965,8226.590326079911,8607.364717630393,1862.450948721147,5837.048072952657,1782.1973864268518,8140.064832723299,4221.323531622832,2160.5772278100517,1207.350188915838,7733.2178791021925,3257.254400594392,1072.0202401332226,876.406169658707,8973.022197513552,414.9496770529564,4211.756677131815,6962.875201531736,1572.2218852249066,8743.291890977871,6686.815806566365,5460.31621403792,9749.387407743287,9270.516416770626,5957.385996941429,5742.5507571825265,1453.1435517499604,2420.3783548366846,8507.422550575267,8622.976703956587,3620.203688803286,2008.9513727150545,6351.74792247972,6902.7204933298835,4808.619910756729,4538.838452227755,2632.2267070449493,6386.371320219674,5263.445161251839,9984.890104827982,5817.494497669183,1752.8918928273708,8026.3440210700865,5280.981307210613,8809.48828629108,6796.4865261830155,3506.183876407424,1219.3265580914058,5380.7870383661,7078.091872853788,7217.061996096621,5983.397904200968,5672.423183457458,2246.4967021708826,1355.8192892847,2865.519114698804,8783.538555421326,6542.453482206517,2642.9875808823012,2619.412214444255,594.2157704614317,8780.486320814587,9645.088474829803,4029.719217886015,6861.162879284683,2133.541465711504,1765.8682280326775,2682.8581852820953,3807.543389643457,5336.873596435781,9950.379090791803,6555.005557973133,3264.6257322496153,6285.591949891407,6555.487831886311,1939.761534425496,7383.401526888176,7751.598933850788,6848.383304132822,7115.912032650725,6224.140180435003,1938.4888437874286,9214.56024046949,6997.880505930116,5955.156545764315,2246.1265880055485,3086.755184812928,9879.830478615251,2605.2188194193645,1838.7958983124324,5796.865058989128,4609.74160270095,5917.947034310575,5537.00438071068,7745.997729080371,8792.083570691519,1313.714174776509,416.1947117185342,138.01380293748053,4370.1947600963595,1775.088526736082,5736.665214125893,9836.612990075324,8797.133020247164,3303.5447059125545,1972.715177816314,6318.465000080036,1710.1668917412173,3980.285658069727,9534.513651164454,2501.6303813752324,3163.365188239189,6574.667642155129,5458.875678961766,8070.148311928224,1622.0565500420976,1077.790467139096
2025-02-01,Entity_62,2755.6346340023056,9207.865498120145,9540.133253645206,5002.832732325733,7857.895754318441,7946.12434220661,7229.012013551771,3617.8562440214178,4216.452577691901,585.389835389851,2655.2867018631887,3874.857520475049,8087.691220958152,6462.413055599905,3510.2854129040666,3389.3577594727763,6975.739243424568,6844.896959913961,104.28722770668412,2066.7763462539992,1219.0156493246877,4220.086317343155,4263.295183878112,4916.520736611987,5180.85284349371,1391.5829611401607,3463.6987320726284,7895.529270183945,2997.655687507034,155.71492016939607,2454.5435459182086,956.0767364534452,2114.3819798193517,100.31472989031855,2597.2568204491104,7694.857615545051,8245.977948811133,9712.272489752491,5489.403424711544,1197.4214718356918,2895.901296332703,5360.748831950617,8177.969632011864,4144.162449518857,6197.508249513407,308.09474931630575,6817.785200070461,3775.3403601127206,736.0157862414009,8339.384169412227,3186.9010248062145,2516.688398042333,5152.301954071689,6400.768951691953,1242.730774421011,7199.411106881839,4250.072533430547,4686.441359132735,2225.937304558877,4379.152550375784,341.1458531340013,6338.778992836481,7431.044619925699,7277.228420644223,8071.616736514988,7875.3638699035855,9308.77338834851,5135.16931989765,9743.922979863119,9176.917181420606,432.45375176117363,3961.1898103821895,1690.925477519579,6776.135205891216,7721.792801981274,8153.764563120583,3238.546323524226,9551.734867220941,5238.202336552054,3215.3107740108735,6145.872976266044,6423.526513566045,7926.844401419162,6397.17895917652,6472.21999849119,8849.844938472037,2793.027274525311,503.7350248531054,9371.330760260096,5951.937796881052,8624.801815544148,4248.214389523623,6224.297457636018,4763.12379017294,3623.0056098094315,129.54628893682948,6852.196109147461,8903.282639610086,6269.785674959246,5104.622782427565,2756.409794362234,3994.3309758382948,7851.735302249432,324.12983364298236,4977.228794520948,2598.3030480976854,6925.076191849414,9008.526328755112,6531.656331491927,3273.728964648039,7031.049441314608,413.5896388447321,642.9485026371012,7091.196372656043,5903.721404187762,4536.981904862094,2784.5027567562965,4042.905776888293,9221.359849069904,5790.895314559034,264.0505796551664,1397.6798382983625,4290.759072899495,3398.500062558883,2452.7419482112005,9212.765083268936,1864.6414880995283,751.7928519589844,5480.892110037338,7154.626203758121,1104.4492287459911,9222.401946802625,1349.8615647130198,7383.180673199765,5874.988173151212,7804.924895780306,7989.359237219135,8706.160749360934,9199.352518367272,8478.084406996479,7755.822416306003,2821.2294696570784,7078.975928525272,3568.2433455610994,2705.99965275752,6430.619861115481,7132.932600643339,1432.771929539865,9347.133711806875,2766.7497015279537,3035.6262563397413,2958.922819102937,6135.810839762297,9654.293874322671,6278.5870594786975,7760.400869669086,4912.626207513864,4177.600268709362,3548.8513690177474,5873.167985041958,8661.662167606162,2641.2583644361944,7540.5550919876405,6244.57661067928,3094.0645883903226,8031.6964733412715,3338.0965017715685,1376.396527701619,9274.272228829019,9416.455803988714,9806.772816897572,9907.564476485806,9723.796816170112,6532.184848286603,6642.373401239666,9199.211563277959,8270.242923995153,949.3756751464769,7427.6710561600285,4107.07810630763,3384.5320766169584,4130.019412657382,1867.7677982623932,5668.122140055404,6261.4723086055,6837.085187205349,9467.27251780257,5288.407467996786,6350.374587100551,4485.676547201133,5124.699881326764,9844.661150049724,9402.536861019516,9438.518432315228,2559.582187461777,9539.263690437178,1928.1230610691039,6037.814462609717,9435.752778902552,3466.9784344488357
2025-02-01,Entity_63,6152.717222546208,7819.569680229943,8804.056472954891,7989.697760059958,9627.338862429508,2901.062354723253,2489.5513552110656,2216.877347929627,1703.264723102521,1616.6560103094166,6767.66197683475,4931.003718102002,7118.3847271845725,7345.970106473128,3930.173910451772,7312.881826294644,8452.773527093388,6622.5062700549315,856.4891698281134,9040.202991320675,2636.97317015808,5527.716362596515,9980.451266516584,6955.6333491957785,438.84070778752385,6543.257001803136,1090.3687768845575,7168.7224169449755,4925.046398395882,1571.6575189699142,4376.698729210855,2481.1703939144563,5019.237117719561,9764.973140892711,7743.6673866755655,4766.256695667449,996.8341665688715,7192.945294278359,7787.542979918614,181.20845433471897,5226.453693634066,7186.727145003604,3238.999626424508,9125.746537434952,5655.2570136588,2337.1386723077358,4509.585725053384,5657.697767039115,8873.607462189388,7139.476183007728,9931.127999807026,1811.598049431409,8799.70631681962,9921.638395751324,1278.3309685168315,3544.8493143325773,9363.130661848683,1089.0575101473,7137.932474514223,272.23662301519676,4856.657310705276,1301.7377232085219,7738.204775898511,1241.3172074035917,315.194489814853,5607.284384764281,9195.719420283378,7425.622251885931,6482.296915730297,832.8715828751754,9387.828838510955,6936.285901566621,6328.380419308236,2572.4352764944488,5492.694295136094,821.977623643519,9057.746653124934,4977.637486787246,3525.067256683483,6336.246177321842,2267.071395060391,6684.571868871606,3981.2073187627193,3832.3216426366716,8806.263538811161,9345.038695610298,8352.481537587395,4360.240463462251,2004.42457604268,4458.300251405538,9320.15685657407,7688.924845958696,5171.798926623831,8401.684938499202,3538.4982704087265,5328.299482773767,3359.9774466682543,5063.593144140502,2063.646631218501,6313.306994044904,1273.717410426794,8739.69467082099,3954.131014536889,3682.3209637804152,2003.1419045999103,322.09727743130316,1277.6029859788855,4922.06153428001,3869.405636792439,5912.7508448371955,5805.220960734687,4754.517855104646,9085.503632743626,2058.2296862197054,6299.444339417727,6138.562602892021,9058.030655704963,8983.230278019151,3435.5602470293074,9859.319311618367,6711.115980000879,1884.9554506318584,4453.678397732805,5793.672725730849,9447.758344424805,2899.6886251121446,2351.236275321716,5857.782010432227,5736.695170756801,4943.559219651373,9295.155155558394,8838.155633368884,9592.822417744825,5481.986291838494,3291.571965104309,4243.656912613196,6743.378247759331,1318.5461938187493,1759.475405896514,7464.476275525322,6260.0415843144065,3050.1924054440046,6317.183317458184,3280.1072826611066,5821.206763307894,2762.5192849877485,7984.590345092931,4104.92163210605,6145.866800617462,2450.863946176019,8199.726886629687,9738.9797014151,4348.184879905524,3722.600213105197,5792.513418846223,2417.361846928711,9923.842894831243,8473.863445649025,1073.2739493347206,3297.425735376099,1199.3855049062972,6611.270474824905,8671.540297606676,2972.1346539110687,2597.2303048550257,1309.1487224187867,2794.1832788060506,6731.59968873173,6136.260654393269,1252.3547200079379,2427.5887362696876,5231.6374159482475,5233.309041569276,1812.1282884922844,2391.504831641243,2271.1183399610486,6062.1586466891695,3374.018899889151,3214.5513290057615,6262.92730927415,2704.182177280321,2134.936483958437,8119.014490630285,4092.412842294666,644.0973391374008,7934.546938156727,304.0220076012186,9086.474849814342,8587.41046837715,6341.270671634493,9774.687631182875,6564.667462215408,3684.7614289720877,8960.460855168216,2319.6455056243467,7696.2485484928,4361.76352414255,9053.39841456991,4233.1206463165345,5733.084503717877
2025-02-01,Entity_64,2856.9319078771427,841.2980787528238,8353.485927362783,5681.9537716723,8945.098649871667,7347.7148702692275,8894.737883203185,1219.594259147468,5831.28918949579,6567.010413697067,2338.22615634677,7707.933124595033,5727.979700886672,7484.995258079964,6930.945084478662,9179.7759448192,279.79183400336547,9899.81003072726,629.7941397398033,2885.032455233882,7472.78530618241,841.8691627851545,3098.5770983597386,1987.4650646482503,7352.100465420896,3211.8397842245004,1431.8518865383403,6072.3479339600935,8300.185704290476,3411.3401828462374,505.48570065125944,9703.494808394773,472.7284341081152,9467.124974091596,624.029057128459,818.4907049589135,2900.1568440661454,9779.573393918945,7552.835093039208,8661.71674701539,463.4146318876885,5006.057447370759,8963.430170277245,8039.386447521101,7171.396113538297,8043.534890155566,8281.974888472036,5029.274891728665,3050.1731112883026,3845.8315874744417,7278.7436097716845,7329.225222955791,1556.6367712276228,3410.193415677389,1912.5371520277877,5202.773694097096,374.23181228997936,2547.6618178186736,2623.11814364682,574.3976098665268,1858.2980123460948,5635.05746282175,8258.998340002587,9690.687560441782,9938.202308091977,5048.658697945687,7397.222079125867,6496.156642920464,5303.791314833861,1653.3723331676483,2560.337722030496,2787.1070771019054,6376.973268226874,6422.108599145473,6528.098548192164,6751.290815516681,7000.699829770118,3820.5623387780274,5912.153260174846,5495.446899583022,5535.101418570228,9985.910477389352,377.3820079065013,4804.036970102962,4411.6906968131225,1435.6038617517254,5638.583389223607,6256.325620958421,8552.354472949684,1150.9092062586867,2025.7020928325446,7746.605171331449,6202.819100726184,267.24786891167537,5367.444087926071,4216.7852730204495,7685.359771965954,5785.976517695057,1077.429886583815,8180.933966243067,2948.323764047673,432.1681732506115,9490.649302907805,9750.738966074508,4712.631501292943,1207.6519990459249,5193.439858349044,4683.8163606089765,9618.789063589862,6731.781136091415,5920.711883095809,580.2538702846202,7376.803036716743,3044.0363191300444,8798.166141975695,7705.401247659525,2497.4598789680444,7066.113260443357,3750.286224456686,6014.156485928537,7027.524381865439,2754.38296859802,1435.1184565522149,8181.65640115556,9086.063124125089,8343.381538786352,871.5041858022444,3899.007750204784,1015.4345610147732,9719.567064546558,8640.69347353173,596.7219524085998,8108.927422285587,8773.553907810157,6473.429761300091,8749.506413015462,4107.727916955134,2158.893416956133,1702.5503234145963,9645.734852338506,5985.381426713434,8268.918719232734,3396.589823726735,7660.632611967244,2453.1933267371764,8104.734710363662,3388.040546664207,2903.401569631058,2152.7409372195284,5050.794771341514,7703.94953730673,5347.485248505504,2151.1489802345777,9532.246314547889,4306.347935376429,2808.8297019067318,6923.536529605546,5917.549151791552,1912.0155787429012,1703.8763469885805,7302.01505623017,3456.0602831967253,3661.8107782735397,7545.280878762903,6438.047484543348,2402.8836886678837,1789.875462136279,117.41157524088507,3890.659132287957,6537.636517882097,4926.609072338879,2527.8106135594144,4069.941862747486,8763.313055905452,4235.4899353394785,4123.932875095532,3567.7142698008206,5953.410493651482,1393.4512570313132,6105.469991975833,7167.939505982348,4415.500742862881,9952.428840022281,9012.31530400004,3936.7338989003497,1564.1830090140597,494.08275244056273,8032.200395536987,162.73809124335142,3012.259698611718,1219.3545670852134,9740.961731734182,6530.293455937845,1167.0753779334702,6291.020244648762,5167.25038635506,9870.011266485139,375.03136293845444,5141.841860447904,5859.836382668235
2025-02-01,Entity_65,7235.145518090487,3571.146445052431,9662.448029078985,9227.859791794697,9275.133212232038,1638.7100026978899,1375.6890444675907,492.3814442183892,7915.4687116883615,6550.781978106606,5889.28144686431,1655.8404257514999,7994.810011081266,5770.371880594195,8138.573805257757,545.0072364128652,2257.201121281835,958.6340676556243,969.8307776855986,1805.9031604989252,2068.3092396391303,5253.018143033345,7934.059161579873,3603.686803558944,1457.871634858499,4726.993454071512,992.9691110660644,5147.283218403142,7358.127268265407,5054.0385622394615,4430.875827402209,5678.254144389542,3723.8389025330885,7353.356730586833,2968.9462550052044,6141.578625263245,7422.975894608296,8381.60526103671,7237.58684518428,5110.190842725618,651.6255733690952,7456.614004391325,760.3444737498542,4876.132525664383,654.2023609258003,8148.617484999897,6693.457912125013,7383.055017205379,2089.474949223766,4508.345708559937,2182.252048321109,8712.773179473876,8219.991939921354,2062.3483335602364,2153.229263192435,5361.06650071791,1457.4884884101734,8246.136133020722,9696.865764967468,8638.005619779502,9534.559273297278,986.0667328988089,9409.159184239918,4226.747703264067,2472.6187478726997,4550.112761016652,7744.4221520300825,8508.059122580706,8525.9490414927,3541.936247972853,8096.776455999801,5211.95987600627,4925.957888754748,1957.5575557228476,9238.358403394748,1310.2559652859943,5915.35167313217,3042.674631512072,1445.6196448840808,4569.894846951156,6117.792030954863,5102.323841404398,4069.997120124679,4155.776018518691,6036.9493982164595,4543.548985405291,4231.373197283671,7173.028873592774,6366.187556650997,1920.3632731342354,2676.992393579104,1705.8428848999858,7778.560440994161,2407.8195728984106,3326.557739346539,6565.757357356698,6440.4356428402025,717.3971642689675,7510.208278172971,6151.468125464575,4196.398391591745,1639.5169406201042,9398.973583262277,7228.022251907195,7475.463671850052,1568.9375641495903,8850.25907441129,2503.55988657764,8866.980984927226,1620.4291469602665,4914.064276657148,7069.54209392989,7006.5622491753575,734.53720097185,1939.9379647397557,9158.492562664347,8639.073029676714,6740.2699596965585,9558.093759855568,1802.4020301388693,9407.730785840691,6290.981007216894,3381.246443773324,6521.240884248719,368.336766857504,4390.0801281378535,8575.3780751622,3356.6073170054833,4443.986511770388,1685.836369685576,6873.398379666416,6743.032066057587,1662.7102278434431,9603.626172268569,3861.460913161615,9090.189912774349,8065.724387050448,1221.8603342720614,4728.653794492402,3360.837295235244,7294.614887709558,9582.859940119512,9419.769505083932,6839.079684409627,738.2996517238679,1891.6901778287129,2285.805810182925,8044.36122998104,9415.124878056435,2408.2043264712543,885.5747682432229,9563.841277015847,7205.098850149657,5427.078616693015,1181.9653907090612,9810.40258844818,5628.646526302449,6192.9561193914005,9633.659169698944,9431.621126065651,4413.646664678977,1892.7301183505615,918.0744797868318,3766.468501021791,3698.7017925229666,640.1639260690013,1657.6796321332936,1968.4602617838007,1578.2079970542193,7536.370121042811,7594.9276504259915,6024.059642426421,8256.791510780313,1156.1480246551803,9254.27843725867,1054.9059218852958,9266.34041774767,8344.05120365894,6649.694911831013,4981.221703659681,7360.703158691387,8433.747964876102,7942.418265932405,4788.228091586214,5339.084738140533,8804.639777023971,5470.02890109101,8660.609963026733,2143.632010894822,1028.8394608000585,195.21853749860213,9514.80755663056,2542.1263560016096,9805.271058298342,5395.157332835762,3120.1121531992803,7766.75021918408,3722.652590655599,5095.0181200681445,2638.4253455859134
2025-02-01,Entity_66,8170.476152771075,5730.826230086433,4506.009374577166,1633.2539400370874,9315.804859282438,7499.319117720782,5824.992128593464,3028.2145424919545,6480.737539705745,3806.7824684413936,4423.874022609838,8592.775409815542,325.7080520807242,4799.042184784672,1952.5113539216102,5896.915713027375,7424.77605149948,9614.520187701697,8815.124340675877,1956.199625590451,4290.225431056727,2592.544028815626,2412.9447839022373,3438.166012804553,3181.0161514490205,5504.562431882534,7491.410882689801,6107.960130667241,1821.9754542904275,2157.223297691427,4008.5051091677333,7148.800823164596,5946.894563726694,3915.754442057917,4379.858412925167,1054.170723066069,4309.558508743152,4096.820966586895,2427.8468564362506,3745.5167192335452,336.53394446556035,5051.737101268277,9131.271480334804,6515.038505136269,7703.087530226004,5309.235753555236,3034.6741912814477,164.26658621578537,1532.9577498555768,1033.979965273005,5174.130646603726,1848.96225709686,9154.813092075723,7885.511713729232,6184.878630374959,6256.095168947259,2552.2894211829284,4578.026280514738,934.1613421797366,5149.899263358068,2376.6319167822107,6783.686697438079,358.2333289244462,7247.066477090088,8407.901379218947,3089.646251297054,5807.5431641153855,8978.838043539106,9007.32415424047,6718.024108728317,3307.782433186619,7199.068131291063,859.3992127931278,2590.5427922420527,1473.4506675526595,709.2255881220475,2588.0249155649076,2265.3375485387232,1508.0723416828596,6288.555434553864,675.1845343727281,8635.427758697535,8844.257048934904,9177.581058065165,7827.499669874208,9625.46894652378,3689.357064421325,8737.564243718314,1061.8588123276081,3181.5275337864973,4056.3896997542606,5173.283799781647,1536.2057515842837,8775.78264978826,7939.507386451582,4798.736840396785,1105.1405125689898,2773.1548854884063,9380.550359420226,1013.3319857135903,6363.151353396605,9817.043546569546,9991.979397496758,6357.758450034559,4427.053088417246,759.9418348119137,3768.698951431399,5438.75087842559,2324.564931215959,8144.824462146745,8913.209417658589,6214.739572723142,2103.1152241681757,7035.171793037545,3049.1458019002393,1099.8900308916145,289.7491463161675,4008.9963207594787,9610.860273756047,7069.779212966602,4106.504207543303,7333.000809614196,1834.6108529450585,2723.719995646105,1654.4403982467377,4064.317671274096,3573.30093718274,2990.930617004189,6467.610523847702,668.8816228016633,5931.918971830869,9291.46483461128,844.0405372119254,4298.241775132033,9322.508415156484,8008.1385358248,5373.617099013411,7110.251509155267,8156.370121415413,672.854997643395,7600.55365247178,9231.245168824129,8558.422817286977,4735.611360660962,3825.6519007197585,7160.80257029915,289.68841728096385,3810.612542979055,3879.4426632795135,5130.01966163599,3694.4762709170013,9958.147479323698,626.1649282531151,8624.271853797392,4984.585669068343,8482.164401366626,3561.642555145259,5571.02179031314,6238.5889091097515,2548.3232190070453,1912.5505696226962,6257.471119200377,9650.728696281738,943.6408776688345,7665.4274024689275,6719.510012289931,3814.916477890149,4707.978620936942,7863.816349285277,6118.940516400986,930.082058457349,2843.8018336607197,4052.3535867274622,6438.868216141036,958.3572545426572,4556.703044333758,7511.728661836641,8678.7901308375,749.4335526014311,6384.980270190728,484.2217499024202,5202.2145469194675,4979.735165310556,2742.501011767934,9892.320586788268,9184.630831092829,7505.043665672613,3225.7383136678395,312.98134388252964,333.47898388951654,969.0096483860295,1405.0354101665328,9494.177556650837,9097.80567252828,4820.883475528342,6705.049627401945,5782.121045722514,4745.804403027944,7374.274672335856,6198.652522626332
2025-02-01,Entity_67,1010.7287557635593,8493.546777355696,7987.826494949897,6242.675360460269,1156.7343266449634,8462.644288791786,6588.352120362512,1071.8175371439124,1125.4702151012928,6976.925092389734,1140.957554222088,922.4751247014538,2158.054435012259,3135.6641097544416,1346.7626631328294,769.6624248825524,564.4414973872684,6940.3515653098275,5026.541612215058,1840.133919829993,1717.7184315725988,7205.104657721889,3698.116505624688,502.2086832268677,2562.9487557837638,3546.2733877917526,4301.801853598531,6075.949081000109,746.8555727562045,2420.6757405735384,1304.38717718135,2853.883976738247,9504.862528581914,2177.878865471171,8689.481338488906,3434.024090960759,6811.6033430916195,9083.69715492913,6381.26696308143,1844.0025022046098,5849.867570560333,524.9695504293222,6603.325252528012,2578.165749720955,4626.5479561364045,6808.81724668497,1350.2456249209122,3404.192074794385,6139.119912451916,4576.552479999489,8466.699874223741,3624.003148313844,9403.702018846796,2263.931863580759,9743.979418039247,6813.231370897943,1464.4504209351117,3503.4646885844454,8909.683911972235,4241.81124835521,8938.724591824526,1410.0429735321354,3765.732483855413,1111.2111816474826,1727.9143886471036,2977.693251284202,1504.0271254718286,331.54109756567095,7807.763632623418,3106.9337703005494,891.2449231391445,2515.973777663936,6386.877819606952,8466.10970268204,9548.3969962613,3783.41204567071,6655.710361771255,9597.105339427273,8329.803798541572,1863.0094313192958,8529.326655315968,1239.988754202692,5579.333746723323,3948.429851232293,3376.501147271581,1190.3423260007685,5436.481159199931,3219.8304012785584,1676.8799500965015,1009.995593915019,7486.097688075982,6116.984986170189,7001.186328292252,6245.610748286827,7295.8360438963,7384.694250821686,5437.370581447025,5910.648370425039,1886.0236436786483,2763.1158128407324,8802.20032421311,5506.009473087671,4847.004460052823,4941.341411148498,970.7045960691917,5339.744876929053,9190.236544995563,6206.320997766896,9749.32144477274,2074.594051690643,5329.699532786408,7602.712259856068,4408.613968737708,1813.5788763087016,2921.6860322955804,5673.019661396337,8247.944117879098,5653.999317728945,7118.46444723627,5792.116922336995,8836.197824929033,9195.497239255446,8523.141541556513,9572.403071166067,8254.713865735885,6230.662427766962,4464.055489186036,7895.068517722867,4972.714694027829,8447.5599636583,3002.8022740401325,9590.989020825748,2367.7541900728716,4064.057055492874,9163.98366858059,5207.437003656989,9537.30300196669,110.685091518654,3066.5435033064127,2492.9613192492243,930.5231211551638,5664.620660824771,3263.621294383883,3330.314521896354,4687.368371275521,8013.934579607669,3639.4335083599044,5559.093133341927,6043.901197108343,5708.442611874478,8792.965009617647,1507.0273900918014,1133.2092311501785,1484.0871352721651,6923.8633072684,5231.689937971189,3911.631745894601,9889.613999972107,6216.419108513571,6914.477864463445,7648.778493918716,1288.1610980706182,2301.648490762883,7817.625031621594,341.69862420237985,8307.4583485921,7703.541679963824,8149.67061465325,9511.590419246711,6664.873790277643,532.8316472571814,4869.657091934723,831.3941856397329,1814.6569462352618,7503.139227553961,179.25862002270094,3688.513342741425,231.80875580802845,3279.091905793488,6189.532572527519,6359.279202261734,6143.404302273005,670.3781117897354,1366.4546105049728,6310.549936632242,9417.002555834039,5774.373694970819,420.24635467503543,2702.5563772127084,8713.125140540842,8593.586486495386,3901.108400000998,9125.192277892042,5013.7512254026415,8705.623646490147,2022.6999142281443,5441.126391109253,1467.8242749868002,5930.409870959795,1642.797411379287
2025-02-01,Entity_68,4685.446925025853,8824.996769949812,8467.896989835815,9347.405723488378,8489.441162245044,4295.003084684258,4232.64455760216,4383.52109604538,7041.041595370128,5764.7966938915415,8089.11320843365,4209.206216987868,2157.2799580742344,1300.41870060734,4365.891676773973,6065.615134801675,9501.87755128444,7756.84742035879,5314.865388438273,5063.6028661809705,4354.021029262778,8090.749698747408,5213.409651805618,8357.237928611914,9259.253251711296,5755.361947803309,2511.231496467307,9082.649051895853,707.7476853057315,1034.9960315333406,2840.164207239276,296.97946745804563,1179.750936668799,3516.562579648791,8900.780528364872,3997.2314640678105,9627.30622896089,8707.245823337262,3503.5479639185614,2624.040828167694,1901.0424663235897,420.7152727034375,1512.8930925225811,5698.173505529272,3166.8344308664723,5942.560351466692,5507.644201585607,4486.833415852287,8315.48003262573,962.8113068770444,9177.188206918685,2695.5937484622023,6505.904712224605,8081.51963942037,9730.250432036517,1123.872893555412,3030.866372670009,4149.264350505857,7505.907922297992,3353.2685378039605,8774.032984922964,5293.265834176328,8177.806335639793,2373.4100506661466,1479.702245277797,9875.151556755403,6715.008031245061,8592.297982213948,9814.620327438977,665.6106250521018,8581.459578850685,4127.125783480928,205.29833194262255,1548.0733753187353,4196.876083462389,4031.5598214327233,340.60490998602097,706.2397577540364,3808.6094754845667,7871.771263357389,5630.571297482647,1253.1097131207707,864.2972763100519,9240.170356846267,5732.291652685956,2433.179750785946,758.9415309468395,8022.020112399032,1500.935661397227,1239.276549211976,6361.62175238661,4855.138003283031,4985.051515154793,6530.15565429667,4971.2867747656355,8258.291470628763,2665.1992382955423,9345.583644944916,4160.537681397478,7271.0143256103565,4575.988482368637,6659.5755087319785,8296.369383492854,5966.372480446345,5143.783256358418,2680.9468915315106,4662.746755180625,4655.394946021884,9668.08065154272,2050.5788358093164,1484.6546599469928,1403.5190265412746,1340.8851206747656,1318.6926099624516,1875.2479481659009,368.2573907944647,6082.225432839541,1307.209543704454,4902.4656588210555,9331.372927895949,7529.937474903295,7595.4950480862835,3935.672701908654,6777.158421993368,4801.717675585988,2889.0060756263765,6847.220154984453,3329.2677154490407,7985.047798531497,3036.727128881899,3840.203069459723,7663.1084170291015,1990.0356751836403,6986.9172620851705,5001.474269926101,3681.5798821672115,6363.479264943447,1214.3376905198866,8221.723774428876,5827.0966391411075,6224.794490289083,7229.79099637742,4480.086504617792,7630.335068881922,3373.2464268341455,982.523599129869,8300.502430447434,9843.644896630649,4989.179384218433,4026.174640227847,2479.125808410728,9338.605537453946,6770.318719828284,356.6084209430322,2741.49798813553,9344.81868776233,4591.996204684051,551.3175893967116,8677.586510510835,4981.148687902239,907.8586934801032,6124.78924908169,9576.574484071713,990.360243788916,1680.9841450823033,5524.419304306872,4809.46446089183,3422.321505483166,5160.077383994096,160.10212120760463,5753.803952100779,6154.402895466842,2485.4264979313384,9693.33165756349,9639.608507183586,5447.181507315205,7021.959441945559,7271.668417795896,3269.0438996821463,1652.67150478278,2683.774102446993,649.8923337390434,1402.0880376663465,6742.626730158496,9780.322196364654,2255.189600073574,9550.054640559347,3034.8970753086905,6424.308433563372,2747.846544658862,6737.291861251368,7481.988042450025,4455.202536173362,3430.556503163026,9700.458667144852,7525.066779924782,9362.928199672191,3690.661461635954,8709.46894269959,6870.786070864538
2025-02-01,Entity_69,1592.2422318265208,3787.1180255775153,4501.666269337959,5329.428233800108,2271.1088138954883,4216.647883565285,9539.39446619446,2773.9811107052533,7221.814466645902,4774.9985702840095,2907.558865964896,521.6488739694798,2982.699091318901,8782.322222040484,7750.122363709917,7460.048730613072,1007.0948231961979,566.5129031828269,8181.558584657522,3436.273369836922,2822.883715622782,6820.438097611694,9246.489701086932,9841.413914635172,335.193480517736,7115.474671043492,7358.299891352091,3490.6140010508875,6885.503038283943,3815.6525158023283,9948.260665363036,988.5892926227831,3194.3193551974014,4565.250263493317,9916.546843867101,2546.9978687347393,6447.045409654959,2022.9075443772622,6868.450099782646,4044.238161299102,1971.1734183611816,3428.1283771658113,5819.1323496933155,3641.0728244802417,9637.448610094036,9380.833168294339,6155.68911608154,3817.7647357168507,3186.8291802480326,2787.4014724035133,1167.012587779938,5391.071630341586,1561.1857841718308,8431.679729017096,5855.176312752931,8918.846785498714,4277.804567052001,3541.4800946611144,9008.535362239076,4502.434231901146,2574.160849257019,1585.3253348632036,4569.093761712459,3701.847577369873,7388.372364311996,3313.341514933618,4763.803272777619,4362.781029947926,4353.355557328188,2740.7642905613434,9911.12330157278,5624.295505413683,6598.921194106467,5981.762332674515,6052.699797960277,8124.21302775302,1781.4162037596489,899.3195258419289,2477.8905000516334,2556.229675021992,9828.453493903258,7170.033069937711,4373.593470537219,4719.287089816914,7593.602603588654,5146.322133149255,7678.752356239454,3211.939652867607,8107.8039249993135,7638.819097510979,9228.972816485484,8901.984393536532,5693.511826181884,8834.229533808717,3566.3597333463103,4554.361077647325,9239.787756999707,6855.092730282752,4822.930557724342,1059.252561560295,6161.172133027845,3125.6897191884627,5884.264537116318,6504.417231688224,2495.4798698134337,4691.946098412933,721.6671570609018,7322.719158998181,6206.761112681896,8781.40957620965,2875.7299463142776,466.7153831143444,4201.597616936202,6848.714760843739,6855.1513590538325,480.182708580908,1658.52592370285,1116.358507351603,473.13632040330066,4436.019108573022,331.17695412876776,9439.262519963908,7316.1632493335155,7240.391435028824,8489.50850419233,2069.6401838853344,7597.938083634473,3812.6009699456285,5544.670395874084,711.6251403546127,9122.18959418005,9923.21992073242,6858.309646018194,6652.209784869497,9717.709103813204,1461.7371526569693,2021.3590523957776,4992.3759205429615,4050.019844707846,5900.226936111989,2085.533650890089,5865.2159241412965,1176.2702248776488,5165.570382768021,1320.5552621914073,5077.299725108307,6844.108761065223,5971.995098632594,3056.4371477312934,8202.658155442394,5119.721620315241,191.7372510593214,4427.862363159085,5336.994467544684,5251.332924806276,7476.205256075025,2000.5367549347184,9826.771359387236,9956.892765097697,4304.74634685,763.1805473368959,5317.70574221311,3400.125983505689,7708.265994768726,4752.41089501396,9722.173233212481,6478.747674240697,9923.687208502626,7184.532273379848,6920.007135934553,6194.504935150322,574.5696851747018,569.0120969006806,6985.6773110442255,1227.0371142812123,2208.976194063573,2958.5760439557816,7693.34367163429,3170.564747853109,9293.124929620935,1409.3294664523762,526.1383694953108,7545.7601051833935,466.76397514721145,8844.365061870942,3259.395299980352,1208.0927215345914,4785.968567048806,8389.093487586522,989.3368454596956,5954.81773247391,1029.6562799862656,8169.78154539132,8581.252596756212,5133.38288260392,5403.054435824372,3830.714425435636,6621.68264351816,2525.470709500971,4942.3310475139915
2025-02-01,Entity_70,5746.97645244123,9397.583809424694,8099.631293277356,5400.480839408978,3363.1371035475236,3189.7864379045586,4833.367062242448,9078.691802784359,5352.795826859989,7276.154067369345,599.9346848379539,2926.0876447071787,6898.006270682726,7958.886100079143,2835.5834367483,3557.4223172596435,7610.082091124848,6224.533013967031,1675.1042976386836,4428.798680525691,7916.982026670218,1453.2754287762316,5516.887602836158,2315.3568737485316,411.4380292031812,4767.830161969983,5969.058289783964,447.05165573285336,8466.587235325414,5377.757601373714,6561.297532762738,9041.111750887323,6912.877271655811,6201.408656980813,3785.5211348842786,9290.592000141607,8671.492637609068,7375.776422736865,5072.798805368473,7581.674215709128,8551.652569564661,4675.918309281123,2095.313300409711,8033.633866164578,5993.322098109535,4902.026967995427,5576.7163193299875,3666.176657342507,4402.287666911439,2925.6446566831405,4614.083342909714,5761.678697809218,9925.83576479777,5740.9767380231615,4138.859848259931,1737.6754792022216,7385.148519883167,8744.149122917172,9002.33162120821,498.25053466358384,4916.502278605609,6780.948443969843,3081.01921741481,9098.758662468073,3962.6971269546348,696.7129161862579,1072.026704570551,1829.3019723106804,2726.731592872338,3034.688761191612,8149.310200515166,3517.0490024539963,8162.6737058755025,201.85779063442965,4882.405176204225,3047.1013373248325,3787.309980696281,6411.047420549803,4209.3627665133245,559.5995922209595,5477.355565470608,9129.739941906719,3782.237654003184,2049.5421955972433,2699.47600700156,2560.8043540397407,2062.2997284872863,6578.389454268636,1963.742800009659,7854.243732087786,5600.370023156904,7402.525938753122,7456.252011553519,9414.95836530781,3750.607505781031,6073.367415816017,4569.03300938295,436.8062766464454,7612.917916681399,3601.731684498574,2695.5490157054,6676.742576446099,1572.274049446402,360.18448160258197,4637.8345808212125,5625.77734503306,9685.482525250098,8063.794854407447,3344.3778590455618,5231.497148781118,5642.138218135144,7917.025532433548,9071.1947666415,9312.806667858884,2158.9267435273464,9116.836673527769,3743.860502857815,7860.429794584324,9055.002187169177,1914.8952791068004,126.75372638533918,8841.408623033141,7485.365879246821,931.6993028145948,7556.548897973014,6168.714922152998,6612.029611199929,6972.835635835375,7169.321390900131,6702.3542903212,830.2245732738199,8597.752508210417,6475.980458429592,992.7126899418033,5144.011718269278,184.54724978066028,1675.3118906604454,9398.528873773856,414.0576312470767,2610.77594106432,6708.009744586373,933.4800378499903,6576.796157011034,1043.5165419232405,8109.188790349571,2873.9583880817654,3405.663433314498,9972.006656141917,7890.247835530392,2370.861674439991,3447.3790680480597,6809.021212935815,6891.491894072791,4316.647229959517,240.2186042088251,9622.871272313747,6990.713369281516,4290.286084107182,8253.591402221946,327.4670189796485,5165.290968903443,6565.8784216269605,671.9742568747749,8604.71784816258,6687.855440191488,8206.213080652908,2552.4601682628386,2014.9289834768908,8064.480471430443,9637.654163528725,3881.617499080154,2296.769664977923,7489.830006901174,6260.217395827862,5120.6684444088905,2784.72832791476,2772.4971321442204,2235.632967030846,2229.0143166530356,1752.3527728657616,1699.1956157896811,9964.194584881629,9129.392373069888,4236.708490130168,7363.475447885142,7394.299680185617,9641.934577145954,2204.264802941981,4164.810544129328,2755.28129659338,9541.794007067137,8527.698800075097,4742.580084495107,5101.201288164936,7209.622241786164,2413.938472501921,2101.8461800097784,1642.1026440363198,3006.094615272984,393.2012388909104
2025-02-01,Entity_71,1519.3396036355552,8045.205553491646,4827.1231125025915,3938.8501592927682,4037.1793125524223,374.984290600854,1964.1876009809116,7094.900533939433,2514.4138145057973,426.84043908877373,5948.673056125889,3532.8487926427947,2551.8453177487554,3424.472204103279,8613.781020363469,6620.140526386885,252.68064824995105,415.60525503393734,9570.496093034104,6182.690673385056,8371.290089369608,4290.578668594624,1978.987137162117,7864.838225039191,3243.706823774918,5375.495933085569,6522.800550406067,3964.0064659630857,6043.229710167302,5978.626647293466,5598.4676021560235,8778.610832451948,9580.020732427804,1419.2171832587733,3191.211622949764,9138.396471944252,3559.205230307327,322.3288128942753,4649.924471471753,4549.90182472702,7628.660966590265,3053.4988145789985,5924.118015753145,7048.07368006282,6348.405890441494,4072.651091494907,8961.313495355938,967.5321126450538,8260.681009988566,285.3783279478288,2648.1974031578948,4348.815923107691,4560.184828400271,6921.122771672409,8280.443358991555,7733.1393512556715,8786.995431895653,9954.219336184116,1689.794086350466,5302.778739651791,6136.899736764117,9529.82375681833,5832.923055911276,2936.1963075237236,1552.5141311889633,1104.3922181970042,612.9548017308834,6280.028329331145,1759.1246988125954,4780.582480288857,5286.276164784769,7837.877581351658,2968.3435636665527,8410.949240597765,7558.221809891019,259.40668324329874,6092.679429471998,7730.710342774627,8240.122562739332,1222.9508477473678,7912.262560721575,1607.7969883746987,4536.587083156796,7237.315278017482,8125.807339218621,2623.5705608011967,5023.214870694253,6234.275260234398,130.46896877840345,3976.401095011107,7145.018503488329,1675.5209834994828,3412.9048462428336,5631.34373648803,2409.458947021355,4608.476560698608,7743.634624016317,8221.565977785764,7211.1369800221855,915.6056452759301,9826.638193009132,8530.206407167298,4968.549601931614,2938.612476058131,4676.091005264836,4927.79422284201,8633.416306214625,4774.18797119247,4743.892829950319,5447.902845231184,2138.5590837198038,1373.3951826076022,3630.0819356914794,9212.507599174754,2704.03062059604,9659.21366604313,2055.599984628623,6695.469250150165,5797.434436705226,3978.3389913676865,4410.659140332509,2511.2276900034817,8385.67994413476,6796.302599693516,3357.9947040038815,8745.06139194464,9582.000609588194,7507.032771565106,8484.013748516176,3147.286226346997,7030.587743355329,1260.806737008158,2731.245830498765,983.8520167872962,1393.0365520743521,3744.419836326335,8652.415746646051,7441.2772933294755,4486.44339341854,9133.124884407409,3517.8893291447507,702.8235005830256,6541.407460120518,1219.0635651273692,4443.352560639769,3683.1449474091805,3260.4126318418407,9659.616340200646,4560.374477587896,4028.040993176692,2607.677320409244,7075.146909172424,4975.972609762266,6262.692664342022,8743.834941980547,8023.607353886766,5793.939796944749,2144.609046966173,878.187899543514,2013.0272931850996,8399.363572808246,7238.827488196581,3192.742403777205,1613.921523355684,197.41859812576013,929.9030413014941,7481.974282212915,1384.0871814999036,4363.138091501485,3686.559523846991,6122.620500929723,5612.871738650993,5942.554810580804,9954.412220850349,2773.392434394717,172.07769379158245,3299.2693261630407,3673.8425233254998,2786.056406264764,4687.770642555945,1481.5412348428144,5789.961879029577,9051.635032402583,7642.37036135783,1173.1980148411378,2712.9762349152024,2538.1995954237173,8508.505574852346,1376.377639572321,9055.032639408342,8433.600573254576,2448.634988689501,3304.3380326390297,2672.8571455868496,135.37189284896039,6796.602791540186,8157.008393553185,1236.181262759708,4587.807807059192,3865.150427296104
2025-02-01,Entity_72,178.1307792249871,8819.10616875552,6865.352769523795,5487.085025667834,3275.2519259612573,1487.5633696146806,3123.1529515847046,1663.8560312318282,4943.105476569548,1588.4389392631222,7092.501029501497,1183.737562390895,4791.686990584427,7568.921727281905,8319.984704633865,8939.886607802067,9516.725806066876,2898.0617385517476,8553.33573364196,9600.766046568759,7575.15483365471,3394.1928921275594,7189.558565664871,2903.2872196254293,460.06478646710747,6498.762150385624,9669.02675950768,3990.38904805399,2886.446293306529,9631.20200076663,3210.1895299202697,1780.0555368127768,224.93752706937,4348.762382597992,9918.16968836685,8253.457040044781,6354.5764843950465,3466.6455238110193,9789.550813546224,7384.654894161005,452.88522967483294,3341.2164646602214,4636.4589866500455,1767.6257036613083,3445.8382248066528,3561.8740454526524,6616.381306472654,4564.623289692995,8958.967919355173,9629.658513831868,3166.53338071055,7386.101259528242,5126.131944029323,2646.0018022672543,7502.664380704943,8322.193664185554,9525.784379730036,2383.606559292183,4174.364342464107,9084.942716715273,9768.139784648296,3851.683122946642,2150.3581281491333,8278.425863460492,5592.678326600724,6823.814618472921,2054.317050342084,5447.157684769997,674.2531589741267,7485.205319894117,6625.321379677714,9419.445486499833,7691.971230001137,6912.314773277816,958.4309578816279,6545.172991509329,1257.756518810361,7415.006717077328,726.1539106006455,1597.3262751766003,4542.409287595861,5716.280873078825,3337.476770328627,4745.369998112998,6882.348325728045,1479.4030709930025,6842.343257081475,8003.506403695186,9331.233554484144,5015.647537169223,8546.329642640914,7290.723263850623,8648.4253250695,7290.264411746746,1811.680158589389,5408.495166205061,7922.092796409001,8590.754180853028,6511.773404373084,4955.114584816578,5700.356281355366,2675.757523394731,7789.738283834727,6727.313959819346,5477.471979078678,9576.8076817267,7619.361550732235,7613.314549930194,7519.215167607598,2807.9384094011007,4609.0692594738275,2484.418080626205,8042.216448248244,9565.661031274534,3624.2641696298283,3322.5337052331975,6644.678523019432,5127.640079284963,2159.6880107672064,2089.7375598065887,4282.955893376264,4178.089503734826,2372.961005124548,4632.854750416078,5020.572450229006,2483.3652750716983,1961.1178343321735,2815.1548339181127,9855.112065802345,3414.50712907507,6306.088665119574,1347.9913963926729,9308.059734360391,2010.1190134466526,325.6936300917039,1346.6042271711399,2981.650657362479,1060.0569250549074,4816.426967659035,2337.587986819823,4432.148988838916,9187.213648500816,6575.311957448788,959.1591910329554,2711.5289907084134,2118.9510947987847,2662.3332278585553,4143.456424297592,2551.609278856296,6242.831098148657,4832.449273407228,7589.543440053787,1697.773789936843,5712.39268942557,1228.027299065587,1049.7293285298056,9597.860370242071,834.7933406207134,6686.864738122884,4505.800499944152,9261.960024673304,9188.148267121735,6784.049283127136,1455.9411699390282,801.2859826113005,4879.577347388326,2400.703121473062,9339.400324868391,2738.7487536329436,3670.554472684496,5056.159303824265,7844.222093002148,7702.187009409251,8017.324580393984,9974.897720193529,3237.6498045466565,3732.1127147024886,7178.744705852593,9904.617674977166,9043.484723970345,1931.7941439826366,2633.0768698477573,6758.861100514878,4209.071003213051,2629.7849078189865,6625.604177540912,3149.8754831487704,1468.5660549731185,7400.536683889593,7905.024173929054,5372.140606956161,4868.4528109668845,7616.145527961897,4456.164831992593,1172.2461799183468,7714.514196639773,3822.009345051484,2424.8338630088174,9939.418196911192,6556.732284816902
2025-02-01,Entity_73,6483.2618801713215,9570.450360733961,1936.8219283251187,6284.823346291279,9090.257938734649,7339.485375126926,3990.2066781635253,1053.3636364692866,7700.7113802217855,8744.473637622761,9666.995615646445,3011.6195445220337,3679.45089756654,7832.637286572598,7657.520268425316,1658.9270043134193,2177.3942919413344,8600.818296580994,9361.345985644222,1943.661599263115,6671.30903544186,8989.463212499088,3747.677906394881,3599.9325377240525,544.4022571673053,7509.334222087013,1659.182254898613,6018.741270947042,4547.576474202477,5094.7262046156775,2741.513887257572,4379.565350768675,4124.915622663524,409.009996285863,7141.926186668069,4981.246133769944,122.60365293314514,7753.609185977278,6094.377667187734,7952.059946281126,1100.9579356812922,7408.2271009851365,5742.120181422956,5052.379712593906,6424.4205268437745,1011.8141521614866,4908.072518943533,6563.7061618329035,4861.246228338064,7073.34276034418,8794.182658146918,9832.209998194558,2950.18279935797,8432.550867637576,4164.034386338111,5481.260032223042,5011.148620351567,1784.849870922379,7880.7589369222205,1260.719151886034,1126.5728903726697,4509.7933819563805,6156.91291916161,7941.4865988397405,9477.42027256715,9580.379966655493,9411.724638923208,2623.583020341244,9239.892455696092,7380.4134434873995,5453.390704387239,5511.290382191757,1846.4515176024422,5426.662643314125,8559.863267540299,5425.291906532582,2552.497525692154,1530.6953689769296,5713.651248680009,3193.640570717298,9321.87753471375,793.5172304384614,8966.897322139162,6310.573468663717,4994.41826457564,7598.281816479283,9953.565886875043,2906.06319728025,970.0432639882754,8511.416566308468,1853.5246829388902,619.1704223960922,7957.145520292134,4873.474412257345,8694.44610774635,6839.213538178819,9471.42997936335,1860.5593842296764,3962.026037102479,4015.4569443724085,4747.599618201245,8472.335415481753,5056.6426968154165,7143.652139750129,3820.530233784107,9033.16851633154,6422.186635454959,9294.440118505861,4983.333970600363,3085.377307632965,191.7894591416365,412.7331706478474,6447.066943547205,6984.101053043718,5171.943265974226,1436.7791809920877,977.0910248834272,6987.519933724487,969.795419799184,5541.585308857198,9513.113252442297,6974.597653532522,4569.846414590095,5914.536686730083,719.7501071955853,6155.162651914848,8040.605143584026,2633.4992602659963,4036.7253554416807,866.1948090272292,6840.196332680986,4788.036388235758,6237.7465888779125,470.56500232359343,5494.65950823278,2811.674074827897,2581.4129788914174,8109.3847080857695,5035.588352797072,1785.1622464720997,2104.206106074781,2711.2002131786194,675.3163026169972,3258.6665953638108,6631.790421774725,8466.965077308934,8987.377101584318,9437.391291824664,1146.4697909357321,9575.465814420939,8775.49076825944,4207.856518977053,6727.242539533783,2024.6567100823358,2738.687606848526,7395.322745256398,1061.3872877194854,6835.145121974744,3047.3657490836486,4429.215355603274,8012.586354970355,7812.9443735102095,6398.835497659326,5986.130589853697,7672.098873730521,2411.3760594486707,8488.41106678364,4592.003334377773,5871.629089617933,9736.58747954374,4216.350981926328,374.6154351822952,9328.045173949795,5856.334464985713,1998.0250113977581,3515.604504843549,4516.6095925066675,7620.675038255372,7448.258767739194,6137.704703002625,8510.248872468206,875.4730592952212,7173.376345567934,7182.052103810981,7975.415145878925,2672.9031865445068,7708.875326416761,6239.35494914614,2867.3652653769022,447.1710303668976,3945.2871989461783,7771.680355027838,7226.58583965732,8701.632082358785,1332.7074695989843,5915.154251938329,7215.505140028717,7690.144812662222,7539.079922895149,7918.363075971605
2025-02-01,Entity_74,2863.2633926038975,4649.441908172969,2766.5257093840987,3606.1772572838463,4929.383146437711,1137.6741834136612,7921.879361563625,6915.309691120967,8642.134442218672,7235.418883710572,2522.1937433259377,8885.048302056164,4529.414717148262,5627.243622826246,8296.86171999653,1310.0673941898149,5907.829007145755,384.0570867383066,3574.9937805676923,5062.282109622833,9378.42644992473,1972.4404514527218,6226.971265941532,4129.995943043634,244.6103067527726,7193.746815546355,9209.682751671262,3341.84309490368,2108.6938058333863,1239.205058627882,6206.566817699088,9822.97420606359,4346.415786758182,5047.275624422914,3098.1572551011845,806.7583055655391,849.7953543002252,6780.787783640888,8046.3112356957245,554.7194436573232,6931.849701746866,7911.042919190022,3481.5451059080906,2780.2585783741793,2529.7319021134317,7505.740853572082,3098.924486799604,9531.225990841622,3181.2276431907144,3028.6839990750723,6162.7185209299505,3748.6018959492117,1947.3559033679248,9427.860438202915,1849.4942670159942,6135.796233452632,5728.44258766076,1570.771586370861,5851.51631608231,5792.2670726803435,5042.770817974906,5140.4882121231585,3062.228886296709,1094.2370372561436,7957.0771757336215,4948.6617758972025,2774.508647113021,6517.112206775515,2192.9230333216256,6043.57584843263,947.4449098660918,6339.631944350981,3288.4381130990982,2023.9478864076611,7268.906412178906,5838.275738685284,2973.3303601921625,8181.661515030219,1911.142283848337,3035.823018823593,2541.895945615464,1159.9164915898962,7087.401413144225,5584.496564463366,7932.372447293692,9063.240467091717,8511.410431283059,1447.760813493008,6729.80387050649,4751.234048727272,2695.395085831148,9039.997386334724,982.9654749423643,8908.597293214343,1443.299355871734,4181.729926622026,4240.29301733642,3474.8449893754255,9434.687767641462,2146.8414119713398,2767.341574404073,8283.027461856029,5279.241811678314,7754.607005065446,6284.131638995736,1444.4957484303686,4525.925059220357,5072.50234606929,3734.9866983003226,8933.573400194693,6863.600526341708,5593.1555521414975,5088.421363019084,7821.993448467694,3336.679138391984,4937.545649127663,7195.547091664246,1771.2099572474656,6709.56977278251,2312.286294866645,5433.538484143771,4391.118038889668,4819.663857340435,3312.3789599323445,787.4926107226435,3339.5616734333803,5193.156344293566,5207.538049658405,5411.662485537289,3128.4994536641493,9095.758625893359,8690.700881666748,2200.117231992675,3732.998413231579,5656.698576726737,4293.740184027619,6966.114416293372,2550.4926817595565,4434.5867135566095,3857.0283886253746,6694.40746508384,6045.131798088076,3023.610225014955,5009.079843280571,8797.375795910097,4742.098805110822,5278.841491871854,5313.535326908669,4454.652019869437,6965.981281794326,3008.100852327558,9890.815249405483,4390.272523656004,9917.805333630613,3613.7821250776187,9043.42574800417,8530.462533666523,701.9962737719,3701.956249321621,7026.551335912123,5159.639345796341,7844.361497753837,8234.905709027244,3811.9423170435352,6082.86261099983,818.2602268745208,5166.435831611198,1382.5764849143181,409.9182586570638,6226.043541977119,1091.994394210275,7052.620210436887,8889.854107963549,1617.2178880952076,2904.580169690966,3479.8032706172085,8019.777388370272,6660.90662039575,1573.558595262773,8094.123399279579,4512.289274617767,5135.635842521513,8072.829600484635,9253.34262473745,2689.0467801131144,921.666226537736,3598.7566932323625,3780.135596593188,7096.753549556454,8268.135955869604,4814.897997777975,5105.794690431949,2557.8275697128347,5536.9430308661795,199.13582178982358,833.7191473391922,2963.6794889745806,6695.762906577437,9420.524884699002,5443.667746883572
2025-02-01,Entity_75,8914.005121348617,8387.179771403351,9564.627054148263,5215.982681808365,7002.547464610594,7196.401258454595,138.3230779603049,5392.365181305308,9533.589145009322,5443.628079809136,2844.491164966197,1258.950685002115,6670.459219992605,7991.646148729404,5357.513788227348,765.8572454692026,2658.720491428056,8353.46040006196,3160.4295365266057,6514.042629389516,5758.435162757313,1561.1055537797267,7074.077452565861,1539.7201840735377,554.3550815672502,5143.2844875209685,3085.539536130391,9960.197643417596,9581.552335468074,6347.892515514918,1051.561398290712,4071.99374697318,8841.320084604362,7662.01501637651,3962.5431113332006,7339.931078090389,4120.889541173225,2466.1252669144983,7794.500962531089,6559.247265098381,8504.957101845794,3304.0789165467795,6452.459956143836,6219.054327970955,3421.0592194217566,974.1649346935443,6258.933709663626,1133.9291321221533,7372.250426271582,5321.034791376586,7823.033277019926,344.90692809222037,1077.270427191257,1702.6370507278305,600.6160478918591,6023.586694147339,7802.459210846254,3937.1247623185614,1907.641221075196,5729.376680649021,9470.251617194184,3050.76632982039,4941.189612913812,2976.051095584292,5038.879966249284,3790.186691009818,8665.297172625795,9704.826908833275,3379.3384184794077,9672.005767094914,750.9845612254068,7592.112418316989,9191.67479619997,7710.540820401367,2645.366679037816,882.2491973652919,6817.082633754896,4947.7890025999195,6118.92217888078,7073.267107293021,4057.332754213798,5132.926235166129,3840.4608223621253,9852.72178306718,5436.19121497882,7826.196840590302,8065.838049338077,4572.511086230198,5128.1755607323175,6718.738489656315,6040.832285837889,8532.845049630678,7268.568372415184,3054.740441261713,8041.970897516867,6177.470999718052,6686.605555432748,1616.8128994545073,4363.296828333591,5435.985419795583,1596.9450112468337,2051.3992514179868,9711.05981217543,2958.2619297363462,4098.660426064709,3104.719821544853,4252.721108626466,4334.708032990776,8281.080690910372,7594.3008839528,9700.565680848404,393.45498364224875,6891.15279665365,8479.862377742977,4893.902539744586,241.60574118196274,1510.8486165311524,4901.17409210489,9970.124707537967,1561.554475186315,1399.5799643876062,2080.7973875580483,6583.638494410583,7401.937305980316,5901.50695642113,5338.11162666371,2749.386497275632,4100.312586875302,2943.6696985868853,1164.9192455250306,836.500873053929,7578.774051610572,8799.96795366975,1098.9906041471145,9621.284187788247,3285.5838970776354,1987.4521581725387,5618.05026347643,7820.354898998419,5870.465129220515,7338.1001584599835,6357.057136500223,6519.711372714434,4120.933623191775,145.45173877062197,2883.7210609120884,3149.22992773833,4028.5501302501693,821.3123022826875,3250.7731709994846,3943.3953338592523,5546.190789262374,5162.890342085082,5708.379498167579,4422.177590542116,6689.218753360765,9400.48839568688,5012.595295546375,8218.555227404584,3026.7110337655004,7168.773449703734,1713.736484695581,9144.133875171487,693.0194060054763,639.7082909138406,1218.9637374590077,4040.2048963972593,1112.803480989196,8343.917131843422,6250.046128230946,8676.764494530107,4211.138229206887,6259.090505588514,772.3551189400459,4980.402721088748,1716.674424101564,8880.22681568495,4640.716514456393,4417.248529504461,6597.143375896011,1482.1924429217145,5616.066431593132,9199.323285189865,814.3852477102004,9720.055044186929,1195.2767862360233,7870.999054596708,3872.1433371549506,2259.665262692883,9124.132760124716,4337.753052253323,1041.485364928893,9791.435535882996,3305.44829863506,1476.1992796307184,7455.336901439233,7718.618030650657,7236.129228928081,2932.8003640370803,7480.448887094868
2025-02-01,Entity_76,6129.563636351262,5059.349289398691,137.8541888412802,2132.7004683448386,8904.603829782902,7252.052416579207,2441.3765336456618,585.4916487488424,6889.134627307753,9950.935934848269,6375.731214349497,7689.917552763217,7277.673142516274,8221.066623386076,9419.864273212157,2008.9025658958399,4265.448510230856,4558.165498598719,7890.156183051689,1823.2789805931748,2716.6448285983975,1146.2846678198296,8757.513426928183,754.068908700092,9346.520321739883,4107.124336793862,3300.674377336155,7096.625769521526,3824.236516623555,9756.91262924316,175.69329619005725,5572.4240107499745,6393.543171140371,7318.486900338593,4875.302659336112,4555.2209529866195,7629.818497134726,8472.815361108018,6173.490933887627,8252.55639989315,4911.65850344129,8697.362229951454,1753.2524625701558,8496.076624678306,2316.4845909399683,5523.973731917211,3804.4961726114725,9575.648238428203,2672.6036862573333,7553.910003828241,4741.745588246262,3965.434469222228,8374.80162193569,806.4173898467448,9581.17879817502,894.3055565298134,1583.698943682076,8131.397349648789,2066.8512018070755,3877.9812700379994,883.1782194938875,5465.668949669545,3734.495092884108,603.3598597800485,3556.459970910512,1589.8423952843666,792.3045362922627,8804.431430561905,9504.499753383894,5427.911838379776,4255.92844513467,8463.258944752592,688.1004572271374,8219.935632510853,111.33528089206072,1865.5089255409655,9695.898489077485,4358.616377340705,6594.783100128437,6664.433454991964,9018.032168778764,8743.64218084581,7867.05512286798,4648.679265163395,9907.175061605352,8749.101793891323,6105.004166455926,4430.078068666689,7847.443966284835,7010.5322400776,4696.398053035859,1533.0425945076508,4259.544600590982,9467.991409965416,4158.883494632762,3196.752589068822,4409.267196307966,3309.184511855263,1488.7701352579618,220.80980811818205,6159.808538629738,5682.869128303651,5184.7822710074815,8603.773146010511,511.8757294165318,7670.698226925392,2311.151340176434,3490.037590538689,438.7094962769033,8827.377987214677,2716.7636082406525,3344.0774364060217,2846.796386274717,8605.20354033185,3068.7551746671484,7432.7407297307245,7741.219140083772,4700.004852454461,7707.1846080165415,6286.173458921625,5703.724567099817,4751.891180674924,279.40223399995574,4557.784245432339,8994.608435721228,1238.2088252502947,2596.2469752023526,891.3742369604263,3199.2200628674145,3646.1154618751843,4378.597445610018,4616.772153976034,8794.463717941306,2834.6105056463666,8966.459702839436,6023.812254777617,660.3788882057189,2498.9775579321476,6440.327269210276,7521.580530386368,8464.28506474461,399.73740711832284,2244.39246085211,9460.482564069836,262.3870018067954,6853.921151887388,5914.369880458588,3648.214965321359,1426.6164958145998,9912.153180652153,1709.8117794371208,624.5827269586034,7008.703089518016,120.13609971333182,9263.689287188241,7587.853532951464,1275.795390590064,6176.097514251504,2106.4187151899587,4724.653939271731,4154.873871751406,9939.781670448505,749.3565120432567,7717.323088745264,5367.958028911328,8373.384975124138,6888.088629276873,4646.224374457425,5634.925853366628,4578.892788558392,7298.775856201184,7722.232274055556,7033.943502584949,5139.269807142902,165.3661385217677,5129.717374513037,632.3920443312816,1940.3919889202737,7869.033399815069,5179.38777547097,5041.203610931534,6645.282514634222,2895.060920725404,8084.226892008456,3322.619381395409,1528.0477250899617,5368.027492580513,6275.791660816889,1563.181105860348,4863.590093173961,5671.981382503045,369.92657213531777,8775.201819825428,5779.567185024014,2348.116172587797,1326.9351565477755,6050.759056185387,9318.28022706013,8270.437848382611,3380.512064066187
2025-02-01,Entity_77,722.4928232544723,9463.799581815998,9721.673491811684,7244.160329130725,2261.165063108208,3671.9181049151425,7315.859946716355,6810.748985223594,4538.533841369092,5173.514341319919,7213.653660904428,6920.778538751409,2839.2684865833694,5581.886539516013,2382.2760192560636,9836.992900363715,274.50272808742807,905.3180888702336,5926.902865060916,1017.187750138441,3751.861699029983,2994.835439629851,9638.22215981056,5716.336659051995,8813.445487819119,2112.0808761907547,2936.4091508094934,530.8583068764467,1823.9304501937079,1427.79999353039,8284.74215205319,6630.3508047776495,1247.7828626529806,8792.171929307911,4733.5835091112685,9056.02276577252,161.99337894886094,5864.119330712991,2395.9133518230856,5627.9428288167355,5326.379605080033,2609.018129800332,8651.39230403019,4312.95454736392,6796.660016819465,6052.561442324824,5798.053608622772,3491.3272319870657,7411.2350247185495,3962.6277451849105,9096.443994580262,8264.583593568736,5537.099630195807,1269.5884757018418,4536.881284674788,1005.4986630420881,7049.654321141091,359.2670505305705,3265.8792264082977,1977.820417956738,2901.8880820514973,6202.637691040297,7390.472382032725,1260.7102567952957,596.287897388476,9912.111666491659,8368.492779919661,2935.4276211959154,8611.446155372407,1397.7728201887644,3539.1277036416045,3718.372589035512,6580.262444258492,8951.863976193725,7895.667961253206,5514.831728049163,8357.32463260565,3399.5819267625643,2628.898931892306,4340.454222850307,2538.5564093543485,229.17973624249822,2358.372526801242,7215.91777417519,6755.483769367942,4585.322046816426,6670.667708349194,8982.428844575834,3828.433760176285,2162.054518167555,4486.537992632378,7554.718368577315,7463.704506985132,2942.4346991181906,1751.8728205063444,6408.555207930722,354.34919906819385,4749.267899800034,8491.346019408224,2915.227836725396,8742.098775675518,7373.05744874898,7146.855149011808,5485.55543669165,6032.711283639815,6960.4118914762375,6262.582864012966,933.8918547309084,1551.5439769788716,5907.291907020397,6104.86243838367,3357.4730973792944,6939.448388498866,6832.74376716745,3070.1125523255146,7359.782341237111,7628.83403352315,5998.425737477232,8881.734570968127,6984.709800810565,3878.125946085027,5317.137123247993,1674.0595265695285,670.4815149619308,6823.68111102375,9440.29683511751,1600.538094482474,5351.163299450614,1630.5601489214732,281.59436918469385,1193.4653262033894,8844.601667306553,2896.152034224607,3149.3302525226763,2909.8824821450144,4956.873335754895,3712.172837205304,6968.015295850397,3928.987561370016,4929.992301550548,4976.8710404965,5402.249563130455,9480.509646840317,9759.785575050486,6678.121822397171,5577.022447928672,2805.4887301421736,148.81100606770815,4659.462372648491,3533.2700288102565,1105.9626015258386,8937.746060086416,7086.565540211793,4425.933676628762,549.9004901901615,645.0103403516968,5554.988656910446,9784.378286329647,7444.699906483009,2738.5051805579465,1238.5363825496524,7151.329857762393,9631.437515936215,7119.850735860554,1529.9586582968725,2592.3288919587244,2117.903238279217,8927.391535745477,9145.417242428788,3758.7322922521694,7276.145796788043,2721.9240924782325,1151.0987233659498,2971.411593555218,1360.636162809841,799.2881028115681,2026.0262179479787,6515.739815080295,3058.6297890831142,7565.6809020594965,1690.5732533920072,6235.93167558825,2425.853175168535,9132.040152857398,1534.7431704232147,9307.294269427977,7984.059680006216,6535.927580284049,1513.0512548733143,1218.9767451391713,7259.466125289056,1735.3797485580697,4440.600696403324,5661.032331821865,5237.213037701693,7518.404499713499,5074.271660941031,5277.159118021151,2377.010412761714,9629.256580871428
2025-02-01,Entity_78,3540.2719555633807,110.8981440689745,825.7858837629,5816.761891800561,9959.395570714718,3703.0179332766643,2638.790381568218,7283.539780452037,4718.729035094632,3499.6036134527594,7236.537359353199,9233.598661026641,8712.95196877565,9880.620818750696,1823.5096746571337,2686.5198018941805,7892.240998571246,9078.782412633087,3353.2329596214213,2956.857142609687,5186.686079398316,7612.5362919911295,6192.693960963945,2815.8456130141967,9862.448112637676,5490.6719494181,8999.326452447367,288.31037066663043,1423.7781431577043,3952.7340154359367,7751.22876765557,6739.89680131229,9080.175019525608,9561.634127168903,6861.124582096985,5173.527570128693,1452.776354940051,4356.341916254447,4457.086680125224,1861.3618338798333,5792.5950654327735,3206.7772071234904,7936.890319197284,4366.187446506252,2683.8993189378475,2057.2037888183804,6335.216513189552,5129.802470122325,7420.036105838822,2608.8037151120757,3353.4834425828976,2889.720118068099,4894.322100386278,5946.917293180418,6450.532881059291,6181.920921749743,5657.064120022494,3684.1037812435666,820.8690178069058,2724.094288641094,531.3316883217469,1639.7957147640632,8173.9102458352645,7295.650328193147,8445.166886815183,4407.66387757118,604.3238175541928,2706.598947391189,294.904212495655,2135.310532276165,743.5153103095975,7756.338982912967,5199.7603632932205,8176.507327854069,403.11735237671337,9533.623220185287,8066.236440840065,5695.907317283372,8181.013576051328,5017.893060296916,2962.9416352411663,7147.733437378831,8540.899842319337,243.6524000459817,7676.439583667296,3529.656121859118,6410.052785355696,8691.864558182551,4569.355836218902,1358.4417999385319,9599.629169021138,3236.870918650248,1832.043478887229,3879.6905441116196,676.4570145182403,9787.12173557038,2168.8406817258247,7176.688905049521,8223.542447383395,811.3147510692306,5208.355306989832,2808.8657335216462,879.0083631335455,7941.852305614801,405.5037712347181,4943.021446053093,7307.913615581718,6810.14436196181,6367.619943114997,8393.500993718782,6200.78637044814,2428.118260201335,3887.150499222777,8737.173693135011,9430.66877129455,8352.986805445775,7648.925853161516,5719.661073820006,6851.332906114252,7108.232502694639,1148.4393291905812,4774.533947555712,3399.857061382405,481.50352946313654,9679.754419608993,6632.792521151817,6263.517239196821,2345.9060429039337,1909.4871653396258,4669.893410478471,7910.453713038326,3688.9374062121506,7481.322570248549,6457.173188671334,228.95834080859424,2242.996048163647,6175.046871584938,9844.935955986226,8517.008772102252,6032.468036598902,9984.299822380653,9043.408422779425,1805.5724839038514,5294.949392877144,4348.794428979442,754.216285885611,3482.5203343648595,2569.031973447298,4725.79270489545,8515.312233978519,6218.299153009471,1896.3811760033504,7264.1740045661945,3024.74911087467,5077.90132800752,5066.7479798723325,2934.7388520424443,3975.877079703381,5536.048411258445,551.5507007799645,1027.047296290446,2350.0746140006727,4811.842465480194,3257.6194623010206,179.98788028420375,6460.957401635565,6127.075087518543,4504.284119754512,163.5702446743242,5387.803062068672,9261.127153575071,9264.218387565876,3133.927748187451,6132.05944743934,6536.736235585618,989.1369298686257,937.4930761581386,3362.268403733767,7163.612382559247,6066.755457958238,1819.4854361343196,1252.5024752873292,6689.834583550359,4688.318487227423,3746.178169884033,5187.8300476041895,1802.593634310201,9097.565524553653,5285.4130241892135,3157.985464558041,229.74648117973652,2298.583571125129,9136.603498752314,2156.062156833446,4267.731914026959,134.36102639391902,9679.749273327418,3540.231110553674,8255.483075831378,9330.73806735718
2025-02-01,Entity_79,6954.468680013489,6388.894743702824,1983.840461272567,3301.791987271771,9996.699718351236,9613.480457437186,4047.949026245572,5950.039047431911,5835.792120200671,9518.715303381432,4156.871074555185,4132.070414597939,1987.7274624742895,1635.1596588673015,4799.2855125252445,5739.5727587312695,2192.247128838678,2565.3568384123964,3211.002371023782,6113.850675912073,922.2636027506751,7402.916855099089,4670.404244854453,7572.800577086356,2202.909277503635,7516.685599906952,8568.252114646404,245.7075293648351,9677.676359847192,7980.576581170172,7414.42764347795,5151.989317934728,141.9096511662431,9514.483001672472,888.8667766964224,4827.196115761443,5287.449162897902,1124.3223184500366,8235.151465236635,4919.2412286734425,5247.947794569658,3311.9311201497862,4666.998002782932,3390.951662580131,3492.3011038332133,8678.973832008334,7427.231059942901,1800.4479795828115,2370.7562715909903,3170.986528254653,8694.999415690734,4377.22180795604,7420.18264550097,8393.858299601747,9924.441265498726,9436.789441658406,3429.5654114526615,6029.3958800113705,2439.677422267738,5444.274265811535,1552.9175533722225,1195.5250369305606,224.109108060595,7733.142251521182,7874.156543110405,5398.71424290789,3387.973875900641,7294.794328250957,8099.004181060179,5622.19901527663,5130.1853666177,3190.369487098068,9976.907040865963,2053.582869514698,6812.753776630765,1850.4101509923446,9595.825013468944,5016.452288055415,2258.747135867691,1249.5902399094505,8017.510986281181,8266.96287792932,6784.885571193565,8181.920138125284,1719.6556875587132,2920.72634963184,3797.2284381383547,7216.9145509894515,5701.148667893943,4634.801491743828,6405.039584577246,7733.832596077294,8006.466230049903,2897.3706725907264,5997.320281947645,346.890751511818,9823.67915937847,4802.270609865648,3413.9821622087657,1646.220303452198,3185.1546150494723,6635.0104801318585,6988.416589924275,9194.679501947652,2185.1238035356137,3766.9876124272228,8409.63411813187,3983.6138379199306,5787.108068008125,4679.398685435704,1954.2637209559298,740.7653543310258,6743.464648369834,9552.527448894452,6801.488650183249,1146.8940278546938,2914.701733399047,2199.676581860922,4511.775513064567,2614.9238646190443,4060.263961617238,3883.317090329703,4738.840247335801,4314.3649677093,5587.928287170072,7510.544810518714,7913.903529731257,177.12818742731946,9242.039412595983,6816.849655619925,5796.893426289486,3815.4395779547767,8961.571294328309,3273.4625056901455,1019.1464424486194,5966.662332594138,6506.7249271018745,3720.981374688009,2125.688088568786,3694.749780862877,5979.827484393331,7671.234189797106,7595.346889952331,8689.684110108316,8681.242759027298,353.7159982756143,8380.476995392439,9761.984456906368,2161.6532231086344,5435.577986953689,1749.2192289390655,3705.711953964369,2581.572178186883,9100.6778306608,7012.397337752746,1999.2388396152546,9248.01862475186,4716.0180161010385,8858.376561524758,8668.164884562797,7268.171190066377,2684.3292085769926,4739.486550237408,8597.36165667344,9193.512065640067,3770.744730806851,9766.016558289662,952.4160842109187,1890.9227152756132,262.0352989276572,4076.164474355267,6143.404471493396,2055.262556658865,3958.1580625202487,1183.0785895680642,4905.305332926449,1121.6179641289652,8119.6176100160565,9185.887938646092,8549.02512649937,6621.578605264914,3473.5984906534122,9235.575094323698,2770.205929436176,7016.274936087933,7106.350594792413,3036.8579047491985,2483.235247548796,2103.9024753377244,7567.8029289065225,6120.466107318976,490.8111076593201,8845.753187034334,5418.402467164257,6432.63880729271,3392.518548959745,430.6788206201479,6106.234173300822,4443.721084827502,8178.3319818851
2025-02-01,Entity_80,9567.212728553332,9546.612740294757,9484.062810476149,833.1686468761689,3895.797808275925,5442.569043154399,3893.3421874642263,1211.944789296538,8584.718257921608,6011.584249886077,1044.6885966845334,3396.512095709911,108.7434897532089,2169.4611638553024,3635.9427959644413,3125.9717192619523,6804.763280639007,7682.831089798601,4051.599032442015,6978.3546103460385,3184.476515551901,4162.374180688657,358.78095844775834,2163.5080819291693,9448.498363776242,3099.0026969753026,2383.4294013026415,1409.116052610389,9024.42078144114,7158.336680661232,4490.533589600764,4443.6424712030375,1849.580274299233,2753.5192137790737,8187.025950353122,7117.208763589706,4850.235914454299,5329.402575362559,1973.532890642673,4021.908037436899,5258.120071764178,7578.014290041619,9828.974058428497,1184.9783767387078,3625.4965830797537,8246.061652715322,3742.9505247997654,9952.443601748413,9482.180444734693,2273.722633539262,8449.97247753081,6366.389467250737,9144.175727263284,2707.307995016785,6026.092863255551,728.7942148329231,4594.82521272702,9899.902180737847,1973.5635559109332,5836.906091592559,3647.538470315087,9052.505685153394,5318.459802205087,448.9630176081729,5301.3364588513305,5338.742679224767,6687.348390528533,6564.776540530258,3727.962732569106,6151.518424930379,4212.7379710990235,6470.677815604837,5408.948165837944,9506.77911014631,8373.727803283267,1753.473821563134,4222.652583836654,5749.9631621775625,7565.3921657085975,5325.703408623265,372.5497454529983,6898.249024267292,5112.677243801266,4331.986342101569,2233.1544482708314,5643.930333273289,509.49423173643925,2346.994896411387,2508.273267696014,6508.449543894433,8697.778808772622,6627.486762842283,563.279338164172,2036.9928372998247,1821.253902123961,5908.177333452142,9286.261975533565,9612.179388768687,8642.106093688248,2554.082748247216,7140.365789445119,2316.9464417272484,7748.777178494578,8643.295869932657,5567.2451975918875,8158.515501092793,1005.1419410617623,7822.29692170317,1921.7318558439079,5537.907425578193,3312.3355701699434,3241.619658227997,8432.78418004073,3241.113989681406,6200.428030296327,147.55526528641013,6201.052544861895,3801.570819281826,6526.765138471636,8437.044249456707,4409.428143209301,4894.1444166394485,899.348518980184,9764.60607253634,9599.83645061099,3213.4659752700145,1873.3437158393092,2866.222947121955,8901.915430606314,4454.102308050558,9600.024695728996,5221.209313278906,2799.77393178245,8120.279399718875,2285.6398269649267,3558.4614920336276,2144.3460785540437,8526.728063902743,7295.470250619357,1117.491261723018,1766.7137175030607,2731.203018298503,5415.326747566331,6087.898385328807,9395.810973909196,9940.438189119293,3047.375525722822,1520.8283903813665,3908.2773881720327,6861.709926423488,8464.561152751126,3236.036928060846,5358.828863167324,7688.568797899532,3487.7179497179923,4764.509581450761,5448.283881652771,7083.976597082516,1667.2562453321866,7163.315082670144,1120.3693014391479,5457.353737559305,5383.304109908407,8488.314086077695,1264.7472716661957,4883.258795309515,2643.4692412407685,5755.187641857051,604.1689577611888,7174.9445490788385,189.3542972305828,8511.899272321405,8263.671347176416,2698.917791254761,7658.174359544878,4254.563968610159,1072.7081494919453,7958.290756263648,7237.980788366915,1680.1543631798552,9599.527714542552,2102.971984659289,6627.092835176274,5691.149386986977,585.0146086433824,8311.869258528768,2877.140870122799,1360.5561633638454,6132.421785192298,1977.6473685197382,8217.787743700344,6947.504578847515,3986.184274559588,4192.203369418126,6034.49887214817,1124.3796809918665,9243.453311587717,6155.861205133076,4874.717996620064,1397.7535592687716
2025-02-01,Entity_81,126.53220358828739,8595.111980992388,4034.068819654982,1925.2920335463675,320.3164237908259,2521.8865720853564,1250.7110541294307,9809.644791656694,3273.3770089723953,2123.041661075503,1081.1843984759344,2776.1907737634965,8405.869746628892,922.8555808882421,2932.6964487292526,1889.4285567590098,8758.597724986455,614.1141327409299,2072.659364697398,3690.6658465249448,8609.824847053993,5299.919763250645,4434.918160727763,6583.037324809429,4800.021190876357,8405.631525269586,2814.878620563458,5886.940159365116,4309.708227448148,3551.6509713997784,6436.621497683939,1042.2862858578624,2303.0377692663096,1641.4873415143538,1969.1833370308489,3796.954887649374,6741.994729131229,8182.248635996443,375.8282453078047,1682.6544571201666,9206.562166365804,449.06776493538257,110.23264028979607,8053.619265847023,2519.1770699658655,8327.24162132203,267.2751660767125,462.41651236752966,7228.065925507315,4627.150749422024,2656.5001510216935,9493.006857530976,8514.047849604998,9707.008780854201,7753.079321277853,6171.219114044136,9749.299886565317,1257.4598519139288,9491.721578053406,4502.715197890912,2998.660705276024,8104.757337861049,7304.7036065338625,3066.302724757254,9439.118977130289,330.1596238818149,4655.605372940116,3316.981680183982,5878.473471735971,7137.953118239849,1348.3598809368905,6076.50690121757,2188.4840733467017,6020.654996869632,1900.3322360916648,6649.741126173176,3920.683120153278,6582.041210287173,6470.310728338621,9876.57130721945,7008.676119583917,2228.260582065509,5235.57915265528,4826.709434936733,4291.187268189748,618.2375837222587,3269.3291868729348,2196.4716514651655,7459.047174581377,8041.652146045522,4428.723738077197,3148.0406850709264,6203.966102881824,7724.4897602990995,7027.603529760307,1709.3641752763144,5174.622930064152,2339.3829645909004,9858.53688213948,5007.993750109486,8854.338408795991,1861.757702068654,4134.945370570763,3383.459968059913,113.90013597740378,8508.208524070571,2237.5523171486084,9694.795044267757,5452.754866182686,4778.409970105615,2708.9547731835282,9719.268472197136,8735.497537527677,3552.3317472174613,9187.733425354309,3405.232208374666,2909.639031583144,5765.766412556702,256.8712251513303,5846.830040212761,2670.5545672406333,7982.357745859096,9976.265973707794,6164.256758711469,7214.31183140836,5520.704403932312,5530.704283220123,9218.018341804462,9309.51621414599,3068.520048106467,7057.704616474799,2429.9307093723787,7223.3160027523345,1974.2278782872124,5560.4040459671405,4638.7252016598795,9680.58640660003,6777.050164122911,6709.78513549933,8619.193870451132,7038.912454991443,347.4391285631625,6408.093573805997,3545.2203117841905,2589.9321236329642,7086.79394343952,7786.721488599499,6718.460319941776,5476.5720536617055,833.9805059736576,8353.812986698576,1994.4687555672554,2388.105514301146,7603.308009270705,2580.267854768285,6141.606647738153,3850.2417277235045,3502.7247669225085,2336.879160886187,8858.803230038557,6159.653405407422,2233.201483625623,3799.5305249583425,9489.177891437079,6623.00022530679,7001.330809141168,2444.855527955442,5895.2822560086,5251.128878566048,1132.7286892904183,5325.049393737746,6730.775825818288,7023.844900497206,8931.0047296514,6208.608085882386,5235.4115261606485,4919.408117652751,2407.1697363292124,6522.856583382696,4973.29608598865,792.5356970748657,3489.763126934188,9480.422193738466,7237.284033994782,3618.92694327995,9352.623183382932,6999.842623829655,8795.426395685545,2274.4668373081495,8702.278910322995,6129.7416046307535,1445.794244027688,389.7826162865338,2721.2599972419143,5548.914814233468,959.250220701989,732.630051192784,1147.6723880993889,7946.647277340006,6504.271609500746
2025-02-01,Entity_82,5559.8406612299195,5800.490088523185,6954.419401785835,4130.428845512804,5698.213627493339,7083.959639183754,6822.082681347195,6070.119585464892,8629.440243240297,7050.109729054313,5745.480610941453,8600.408100509252,3254.061533598037,1912.4188077680185,7251.958054275374,7544.106047497252,9685.848441829956,7490.498520268111,1033.5297435425155,7395.59801985495,7697.421103100423,8463.210972243756,6109.740653815643,2828.8549159202516,2929.98405166853,4172.487828023184,8607.775889151178,1639.4182141404053,4937.122633793162,5218.385700314533,1921.3470853429178,9706.569052523704,7537.11470508506,2674.945128729684,496.77842320142986,6641.611190144648,294.83363773561064,1553.0587901310948,3341.543316665056,4811.557870956012,479.4145608814825,8784.581383753533,3458.992190519691,1774.5188984856131,2401.2367845618146,3350.8799665827482,4346.491841083985,4990.370644421838,203.41742371581788,6605.163884251819,550.6674062769121,6818.26555689057,6363.131290103693,3339.1387820551545,5100.072871172556,4372.770221242301,5770.79545443292,8636.43151912117,2533.927102275443,1044.1312946374808,9127.393157840886,6476.973652712222,3611.351320471592,4023.67438443817,9375.530110650636,7192.271026045876,7115.511203131319,5149.798096031958,1429.8126362076289,2356.035069442805,4312.055789336876,1895.803626025681,5891.674126224756,7793.065488516318,6992.499011118485,3625.472258080459,6846.724736903285,8311.231076338168,5741.73566333146,3118.298587609964,5854.0629724489645,7681.694138618839,8592.042637646873,2285.3615239021096,7357.807386762858,3546.143656070389,7541.309502935917,3338.530673277768,4616.312208986019,7659.428736516626,5676.855195911688,9215.163119920966,8681.118525891392,762.4110074620302,3417.3059792745858,585.0346846699154,657.6232528822421,3785.3639546928007,3340.0285904077286,515.1316455703059,2736.1133754759376,9973.117212178444,7120.194340107903,9365.04430115798,501.5238341202667,606.463461286532,8177.53410864066,4732.670278030695,4802.566675963412,7565.7973093397,9881.649275116575,4118.629652234809,2432.595983295794,2159.4726683716544,5737.559676205653,4640.194638849781,9133.866002412076,3046.6614826660816,1310.727185336174,2520.3719137361986,6477.0855616242725,853.2857905382845,5073.014913163833,7423.112931737451,1188.456115646659,8004.0589095364085,7058.574980869204,5337.618100683971,5921.347344495004,5819.267308626139,8834.421537080461,1720.9769101567103,6306.68310842634,1230.9760926311792,4859.354592014705,4464.30266742959,191.21114464538928,5155.928993833239,9897.243616701531,7202.757901206024,6244.6106271329845,491.61893721741,9240.755116931241,4804.275363166711,9944.617683122915,4773.899486410442,752.9315741101653,9086.734360682569,9678.229352068687,3968.118442085153,2369.356567585313,4724.089096540212,1470.5652172349623,1277.55428398677,5879.629109101564,5154.423390824734,3855.382838267969,1236.8626289162696,9048.221288065748,1252.3022649558995,4258.237520086816,2807.3717062659466,1959.1793546901536,1159.46119511857,4361.527618167063,7807.084883190863,1399.4642946289032,6640.386397521919,5497.122022242219,5004.109988923348,5508.857881806732,1235.4014804554665,827.3222788065561,9507.46233501311,6925.650047208961,5006.980450555112,272.47421686287055,3444.866122962684,2138.6870247859406,9451.505231187482,3102.1783162935562,8396.749152068298,7536.192135693025,8869.0850323159,5706.712496061264,1618.6720476416087,4024.604046347838,1447.5569264676767,6411.047820790018,5660.331733187413,7445.847018721661,249.6797878401187,6178.787878639228,566.0265004053848,5145.792851538868,767.583824590771,7182.5662799274305,9551.794120675619,7502.746373552712,9818.694934196019
2025-02-01,Entity_83,9583.806371338502,5825.145949304408,6891.974280665923,6017.672401850569,294.52876318989183,6090.2786496139515,6282.294735640383,612.5798374063477,4428.330578776419,8939.181605684313,1347.436513450636,9651.701665517794,4059.9951710162964,2170.731458889488,4359.433138031487,7271.484475141896,3506.158929930489,8329.366827737887,1561.7885658148143,6235.045264505196,9229.38435201284,9141.031633553443,7300.411843234486,2435.9992742628338,648.350927965054,3002.332788946333,7811.309738457814,2972.017964832309,6440.0430515868775,9611.762496900717,7320.92449964626,1808.6688282707403,888.188952213305,1187.6351686890328,2405.3815054114993,4790.709952392843,1826.8823968305903,1149.4730377527114,9564.151395266148,1969.3393525533547,6879.526608454076,1269.9586004124621,345.58008550958203,4394.737643490168,4551.117574217013,8179.502616953816,1789.5393258205265,8837.584532964418,659.878955195645,3413.064411122411,8784.655593196278,1391.3912723107655,2261.4252940867027,1647.9367667669378,7197.312942482764,5896.017167243465,166.11098424055712,3376.154862669831,5034.550012221556,8752.727763113371,7270.014645074569,2632.2311161113726,8051.208756870748,6195.301672750967,801.9862726280417,291.71672895423444,7844.903666399702,4314.120196044265,4040.9988885148896,8139.419701985651,6777.482980232178,9454.04158859169,7819.123143373032,5722.151969323934,9306.89296143916,4504.364449514224,7644.969317955903,216.19612890816427,5227.340530059014,7894.886736121665,8448.50675807737,3925.2716174004954,1653.2148675150554,7803.876353537118,9879.742419267595,7824.434870108394,3530.756956177659,7105.910644974317,7795.142050408728,2282.9190536544456,664.8764309299352,6029.474462286779,1334.562015101379,151.30462833853568,2628.689242660751,4279.827082202303,1575.391784775669,8581.93836942568,5104.712931010682,3681.2715665845817,1771.2751091256002,9035.914972339573,7795.160390926333,5103.036060179862,1154.2364071941768,8757.73262396067,8012.442304681731,1497.8016399961534,3130.93009091673,7908.617182621584,7477.143319830724,1587.615055735253,9321.57286667341,8931.91096537055,675.2190244690236,8588.276266606928,4623.477032798557,6373.3355926763215,5558.115988192508,1120.5257122797987,1734.2556082738463,7559.613294821216,8113.149995768138,9262.737457296294,5688.626647539839,5509.169968985273,2550.8420590027376,5565.61531685213,4925.097464515441,1767.2730795350824,489.04874372416094,9960.634782729798,2932.6520877266776,7918.617916492405,1742.8278381082482,4479.743379554488,2640.1714205122516,9593.405267412792,9404.045971133328,2241.5509412833862,6976.570157224995,5768.80566183622,1783.5958645053606,2688.2709628887656,2231.7175012638304,3559.0750478901773,4618.594377457237,9317.640476104261,7745.30153656305,396.28715229393094,6298.310335167823,6272.927447984189,321.4466003028389,4418.433550007749,705.5216247086114,443.99908759785825,146.96426975614293,8289.086996334245,5051.02828911386,1740.95902654057,2991.624545324537,7554.635853899971,6793.524218652399,3518.913852622899,9119.438520115435,2716.6636049823364,3543.390065662926,7259.7746497709095,1016.7582461079757,5611.418018422007,9582.13934248209,2395.3891655559446,7946.161839841598,7325.304272295778,7503.237894677022,3936.3571083989823,401.0710643719141,290.6581784737322,6529.255857846706,6766.443873891287,2457.0993323411235,1296.4595455904964,5130.110282744045,4394.320004051577,7668.546250324961,315.1374375482187,9853.653257550071,796.9178442429688,5280.959936279478,732.0758356170468,5718.956137792788,6599.558200973255,1521.4984885355534,3664.5670325452556,3458.154330384288,9024.304436487548,5555.301237415019,7839.542911677439,3435.089950986874,8327.884891629357
2025-02-01,Entity_84,3339.5084614538987,244.80937453836097,9393.95419808514,4406.1045376693055,5434.408675530852,6190.25606024958,8551.28689089355,7725.717892299139,5985.749306259208,8846.100675510015,8328.75177715146,4103.555354585863,6146.9599661290285,2274.999813823367,7644.0235335454145,8855.474250370975,6324.309576843252,7127.626560907655,3532.6859947209086,4632.810418891321,5913.3138000154395,3367.3196162613017,2870.521231584722,6215.761558285316,4790.83045531424,1031.5391987205307,3060.5495633283253,6621.0590067071635,3814.014683279384,4237.914277246164,6114.224006207817,7662.374730686075,7540.362693859157,8070.944752765809,632.8871590608568,7456.487445222656,2061.267928342896,9162.44747567814,1558.9732288805226,7733.762946341481,7905.918601711661,3235.432302373793,626.3329181135053,3416.6063915379973,6275.884111125076,3626.432203704977,5687.86329995425,1721.4254560939255,4354.312613205934,8613.188627188845,2727.622972546811,2081.929231547725,5528.083858503558,6269.948473694052,1044.5011962147696,5966.202458410812,5607.511988163005,8912.347035979592,292.5943168212081,9930.861330713826,4478.650254367904,5105.491230072497,9476.786578697864,5138.9418846326,9336.332295571781,5071.5881475206825,8481.591883224235,5873.156902065937,760.4597058603348,5626.068586032936,5316.144009851326,3645.1646132461597,1193.4395957424458,6391.935335438888,3160.048928224977,8752.221363630493,7366.808669558841,9966.19843557175,6640.303116202106,4198.6076519623375,2659.3870825146982,7200.750563422365,4023.44040342323,3859.6756696798834,5833.399923597937,7751.883578238593,1543.3689155572213,4980.152934820738,8926.741390598614,8426.607118465656,5672.078209446065,1405.984644969055,6975.990972744966,6342.887494993519,1354.8569868082336,9159.109931862882,914.7467409411172,7725.20098462615,7018.790168985062,1206.0620166831436,6297.014792733408,2514.3687602274385,3466.1098958163307,5537.380063004855,7437.0667598771415,1506.8672904709124,4851.100482785969,3074.4449739861698,8814.474596338801,3378.5244566961096,9578.599341856976,5043.898788189172,5564.581720883959,1441.3007549246631,9569.102193300772,5320.008099112561,389.3200484670081,2476.1050537864403,6140.321026976709,5450.391342241641,9529.106311622787,9689.3449191715,207.97497330275723,608.0205321296298,4649.983602134873,1678.8711978198653,7374.779532402679,5090.338121841173,781.8654109179474,2985.584227440509,3301.9515709812727,898.9670075395444,8541.789171423967,4425.523552958952,2320.7355726793307,3759.2817928870895,9174.103232743228,3419.6575638714517,110.62487616266338,7405.3864693488795,7277.38854493447,7317.333087191953,147.30125586957075,4443.46338023832,7377.678275286908,967.8009911958769,3970.409261858108,4829.716113263727,654.9897862165333,6981.721298643234,3145.569876626092,4686.120761353405,2111.4439201167706,3863.586975387944,1339.159208598438,3723.547045492262,8869.917226380003,946.3023001768959,8613.43345521904,8313.899517198208,808.5108325226323,2964.1845440630946,2919.5088033660527,6872.911188227024,8959.618505564375,810.967018676494,8262.63046080506,785.5077136144064,9234.377739768064,5188.084095372124,4496.436577887472,6630.010275939184,8747.432837663364,2328.284686568099,3150.901800891058,6244.916570050315,1537.4228319057631,5989.788629011772,7618.445687066537,6257.89862630828,8096.73892871627,5940.9785881355765,2473.8837303694368,5183.459833728432,7536.443371407902,9786.11441590795,8373.297017265942,8408.297738298035,1901.1551632605863,1471.2256561627273,9739.473714036178,886.760393914245,435.3394523636501,6567.36499468963,8501.048925018315,1668.5222947471793,9151.393729331683,8232.776174854036,5667.530521621213,4935.055815181167
2025-02-01,Entity_85,1734.5833336556284,2760.9509202990644,7130.0117166275595,241.07056860322064,7635.678029242406,4382.246916445377,5229.527079144417,4920.079998139944,8999.723239737006,4360.025598418598,6486.895214434494,1318.7379304752164,7996.85610119011,6696.4454764015545,5569.823543043348,7163.288133322836,781.5486141468012,1741.267618039705,9415.678074267005,3321.313694108387,2358.830588191182,9711.205914155946,9004.660879089392,9036.31162953497,1615.946389180418,6718.593270157661,482.8552021624396,2722.3883530282433,6028.663755001139,2738.8032802834264,5326.4837417113,7937.0592162981675,179.28803541055225,4354.867659770524,2796.357157422884,6312.766830852244,1132.935649004098,2022.1488208593191,6798.170200812521,3534.0330167691686,6783.62427522769,2426.6139334340974,5029.760144960042,7817.306533533683,913.7408670778548,963.2959614438986,7253.28122394125,1874.584537030915,5113.8960865954205,8676.905610308024,1063.059498424639,9655.635264563432,8220.751782199792,4380.707122322118,3618.1557755775784,9733.164661285877,4407.84669551896,9394.356810707148,6428.092373193204,6561.968338710398,6875.558521036557,9494.232751926853,2355.4473704651446,682.063133234224,4547.011918439723,4023.966177316845,7897.268660912752,9198.09183054648,5476.932992385991,9800.304950745072,6408.459777034094,8749.58014187209,7458.85587853518,5362.343938266928,8587.927710606295,1018.8359929122211,1027.6972779949797,9888.55874579719,2180.3341933979887,2632.6776319154515,7838.864215956192,7951.246233626837,7054.441482639382,2218.0176241359204,7610.928154334846,8856.656196203297,3887.306623027641,8890.41281052207,8326.350787511974,9383.636501054752,8932.099858802252,3339.217306750364,9894.382223257635,534.8698252664883,9254.208663903974,3999.8155254682197,3150.4893598187327,2562.39100793426,5258.959288263857,9431.899606335704,8346.63843838212,7409.851882450213,3514.9317188618725,1727.1706258536165,4421.459194786209,2883.5314818027146,8995.333449923068,754.7722476684568,1399.6495739449526,7260.112565174626,4609.4896071780195,269.69947740552675,864.8128211166847,6328.068546333828,1714.293228100995,4757.575826908686,3094.110655710781,1478.1247345338033,6329.411941322653,7267.4215571937875,3100.5657168435296,789.115429452776,8005.666704544318,8439.627880598215,6609.297729370014,8618.448076777238,4360.671084932904,1187.3852906237128,9838.633585206571,1836.801471762684,3292.707771692168,5499.3178564784985,7687.191633504069,8715.98224531056,5034.292235907955,4033.81535549461,475.6879325056217,4622.8376847069885,2996.15623188748,1542.1783854405621,8975.589426525241,6826.544918568012,6603.652313389767,1867.963343053616,5264.936410090278,3041.1270265689295,7981.827542371097,8410.912343074342,6529.406243497204,9373.911515296102,2966.457053823508,7047.484649601683,7193.333242020895,4341.919898818441,446.4914266362368,8765.666280709529,3894.93985222057,8542.203496973996,1934.832419912807,8296.477521713921,7082.473244891557,5135.529218667176,3867.918723900565,2597.2345320971285,8132.820068935179,5336.7280733569305,4907.469060793008,9159.690013687696,2101.967574695077,1180.12006579807,2019.2116524383507,3774.510841514861,531.3024625736904,5235.546560701332,9219.837479390775,3361.7451430458295,4295.675065745355,7286.5187936432685,2753.1874428340425,1115.2651352160215,6769.5966789204895,617.6958312550115,8107.717014002581,7138.689776629686,5957.326357552528,7131.089488183756,2790.0458970894606,4672.133837802279,2488.2125037759483,7330.748207530928,4133.685448749096,3946.601273809548,3554.673326817457,2697.179355988862,6152.720406221217,577.9365021934748,5131.646458999626,7580.946002090107,7001.312254464113,3473.7564414325143
2025-02-01,Entity_86,9030.764834373264,6630.612622115306,6101.118871710673,7865.535328564146,2995.0334676697853,7786.407073461056,7132.640256576913,9873.666935809875,3435.374206051346,7687.959509974117,3317.0834871933307,2966.236920294856,7243.461699320917,5829.406624158397,5527.699970600163,9181.504760426134,9884.312358467228,4343.792037418363,6140.428764336486,3996.2926885549573,948.6264986475451,5280.915615224075,6588.2125470363135,2559.07271378639,5175.565383996148,9475.1702277914,5965.610600583115,1570.8518143467372,8463.445481794983,5150.365334349707,6183.485132732273,4278.355734697337,102.95965199015207,1956.506758270387,4586.284181300883,5493.150723745721,6792.381740993977,3148.4190947420316,5276.116161287823,5352.540209012106,8040.558952492412,8304.139833883142,5930.282640264203,3380.183634141293,6162.699495349245,8736.520212637828,5098.97906753671,5278.0118115182595,6404.144731654694,4279.554494634563,5453.802557380856,4554.6360004623075,1835.712197908914,4490.5787892051485,878.2680921603904,698.8908736186878,954.4998759500312,6184.004622237653,2301.9782828114685,6101.176018837657,645.2169250478179,9133.799068528651,8024.195875813077,3865.932166083231,6471.396406872057,331.3269003583014,7586.583114850581,1293.7974724285452,379.5944584864949,1474.425902261664,2513.60329265842,7762.373405740452,8016.565402491715,3180.5156832161338,2270.4384116038445,9164.069746058753,3213.037522892529,1589.8393487326448,914.4598697398573,413.89173535732783,6249.586983786897,9514.410359876452,970.8272740393659,2067.2971226224254,4993.234110137709,2545.4280643964144,7447.612112252956,6847.925784437326,686.9182756139896,3091.811157345439,4195.239197195138,3586.8438168117764,9712.320394268623,1830.5972545802313,5132.795101313925,6094.745747173868,1582.2429887664696,1806.5367166492272,4459.976280214493,4388.639849112064,6024.936670546365,3078.3799992147137,3301.2997246601976,965.3709157647578,7867.760721846515,4242.984599291633,878.4297107294078,7705.608977751804,8423.35682102542,5707.969432703722,8919.74199361053,7450.657704132549,9721.153000704708,4169.377683290245,154.65704150162168,5525.769712342887,3612.4406400770913,5449.626198216141,7636.293364987708,7393.911571085146,8681.666303610471,980.7361835012382,5462.221497664085,7019.540853509716,9671.498406182418,8294.509502209447,5018.866463804849,6049.914302319615,2722.003427690966,1378.1814634080458,2324.0720004040886,7727.436991541295,9987.075694698173,4866.1585630109175,4638.281943651234,2899.9841656733856,8460.615893145672,9184.69202211616,4461.929272019824,3593.545783344077,4485.357534201542,6100.911676327404,9153.390382465597,4833.709481993468,9537.499107545502,7812.898114385011,384.730444818573,9503.503108672703,1139.991384519527,4819.377610931159,9765.345611963194,6149.999398900943,4982.237906673751,7641.476394598418,6102.73787176304,6761.115020892106,7550.497025639065,1835.7191878653211,1256.5672264570273,671.0615793133915,797.8375368774632,5453.178001686461,7596.833675723751,7339.56951759295,2945.021972074335,4789.891991744315,8912.324953980033,6491.554267624684,4954.560053143677,4274.3210955776785,9903.357295106083,1002.5484811918201,1420.9657446983426,6643.96839439707,1685.5206687604962,5334.160785610825,7254.003511925656,9237.321656918635,3400.554028142262,4225.330647587644,541.1985575417896,8459.820578025996,5594.595994515898,1946.4213504036218,2737.423500779985,4267.771279660203,2825.665461751696,2823.5696292735,1632.4432658063786,1466.8313527629516,6581.6923883794625,1495.6208917594477,3759.761634098733,9051.215180234867,5797.82584745838,5815.9525254909095,7750.706621328568,4141.520759033424,8990.641842810559,9724.258572554527
2025-02-01,Entity_87,2804.5984097630467,7339.1670930224755,1388.4681093234299,9437.51017273068,5501.129108692597,2020.9779257992197,6447.360453205689,1298.1108017647455,8171.033323287497,7179.702158039529,1032.5736316164562,1038.842544128393,6888.587453828892,8081.268839707787,8436.72661821758,4676.1125479208895,6535.137627016589,2882.5906352129123,5799.820943767882,2155.9495337441417,6354.565813703793,9962.786108380133,8199.329749587368,9625.699956933624,8913.572641932293,4401.881105270976,5029.992232686781,1641.869466888358,5440.315352954987,2691.4203959262422,2819.6538559727483,5916.735422102444,7749.565103734178,8676.311604602863,2570.106442433469,3025.1217809295376,2675.710128391865,9458.788598492316,691.7878256814807,794.6208196273268,8566.668575221063,7874.627235876671,350.58241703716135,3989.153952586525,8897.948203911177,466.37138343673803,2116.8924714795435,9257.973882040402,160.97937622052004,7594.371887596445,9328.500285437582,4220.795083808151,928.0199163764939,7865.615085885034,7474.947693432038,5876.208321747076,2871.0016884117877,2043.9936245165413,3822.855791686554,8638.932621694672,2286.9289473196245,532.3602889581823,3092.904341789344,9018.335283962171,7981.293083130915,6274.80069944281,416.92209722568697,5557.984364314632,2818.697419424063,781.638057613403,5611.713971633736,1446.1576738094952,8877.92042187985,9310.429721172977,7674.526494203125,9350.226664935812,4958.306956646728,4567.559709288566,3041.9616466305915,9250.622012078113,8917.141269450365,7578.830788267188,6257.595909370346,5349.316857917085,8875.457056188752,5686.78781496977,2216.7930675486473,6213.431584300609,1350.4283708984115,4460.424351083859,8477.91738347133,733.8132031700262,7583.63677291349,714.0183019471265,959.0341379313472,8187.99854410793,9325.79473488252,2317.4111893221793,730.2234170502122,7986.88508135186,6519.550018043648,7361.261496345035,3401.1771660689224,6153.3624653248135,843.490943709222,4872.281207440945,4668.851996333615,569.2876030684117,8118.772212468793,4640.405509046915,7941.253013058737,3923.429707927947,3362.3998899914786,4450.008341313626,9935.486006754934,4854.707072689293,3223.026652034757,6491.924298186321,2751.2634138988733,9643.93665596772,6227.186267315985,6240.923552072455,1612.938653720829,6285.270958931197,2697.3680267674263,9383.756696474844,5275.676455085669,3165.826147105695,3963.66809505055,4680.832624177413,3413.606769773525,420.31694829176314,1479.9353031906478,5669.804024300674,770.4641762209451,7199.532459761129,1578.3508569147693,4790.272694413215,3120.7503713045417,4990.3067269439025,7505.414426997056,3665.821071777141,6169.520083538761,4530.854839722581,7752.0093564102235,9410.63952305559,9393.517240442667,6576.056452190519,1637.8436297105757,9750.046661324566,8424.844438395243,4951.005266158921,6896.274607691269,9470.29841181551,8914.968862887557,6538.561313973835,8509.340054147955,1845.5693447718456,1271.0993817026451,4222.955811696758,1260.1949136697963,9721.61477227283,5403.531330822825,9625.65163403084,3768.0433919647144,6714.388133027065,8073.87764336103,5269.266008720948,3327.05365664075,1401.3096738623808,9404.282219804072,5632.992247448649,578.9351661230892,5985.872818870665,8249.587105048064,5804.15214458953,5536.3256628633035,9546.860245773138,2206.87946275296,4953.616537993804,7918.162278649096,8909.205123304362,2475.292862541884,9666.316248680432,1197.1318847995071,5144.263847674312,6664.95404972035,883.7901643585765,7318.823236987941,9363.232631430374,4611.622555809894,2244.9755224189507,4325.249721456722,2860.3634509078292,4922.727030397667,892.7729775580281,1531.022007008746,1502.113255621544,5940.623531076359,9349.041994844016
2025-02-01,Entity_88,3948.7502318535257,6363.24179491581,261.78902243184064,5522.161021164242,8800.970783813069,3909.510243353456,8691.643377350665,4704.342518508583,7940.89709968414,9293.189083339095,8716.432892893587,1329.7412255102108,221.63280143238083,3078.100511552362,9583.45245121409,7319.620227045575,2497.97409489885,9054.691820418519,7305.393298811758,6465.167558567532,8877.89129420756,612.885213158281,3522.4854039986935,2161.881339384176,1730.4605838189068,3355.267219822138,5805.944842460657,3468.5830017738162,3723.967847821497,2583.1241555422334,850.3546485594188,9865.250004456344,4981.716960884232,5217.747786560232,5856.3738661212665,4971.832535555228,8416.975007956766,6342.574498863051,8943.272837706068,8656.07809027302,5620.399527513456,1813.5909128689013,2185.345164386209,2664.4364973752727,4872.728431856057,3395.5692836563408,9132.706355211903,9585.784110586894,6434.431799868221,9469.57277743742,4457.580310325214,7608.849329794711,6399.422882000654,1869.1482823078825,8790.582887998362,6765.242291586503,6225.953554804879,4978.130718176319,3707.581492340878,9272.672653430165,508.6164178061508,7883.362868222132,4174.749697641679,488.2083706343176,4181.380734198836,2553.793682897192,4000.8464797788647,7345.490766373085,5102.104084527865,6842.065690598732,4418.342733573011,6699.240696071886,5197.221974385516,3837.409478045221,4092.434747337256,3928.626100347942,4116.719897197967,4479.393224040557,4712.720508494437,569.1170654868778,2463.5305614022714,5201.841004372825,3026.8300056434737,4423.575733835792,6041.918263202961,660.3223396713929,9599.846557021627,7172.762410082562,4121.896038194294,8989.9701713055,9791.155576184274,6323.463238114408,9066.212818051185,7464.44732360455,2677.537646894625,7016.575590044918,3426.0808022218553,6998.38799160951,8326.629652318195,5029.367229209238,8243.235723216843,6220.5227456231805,7720.338957053778,9617.847761652707,6994.59127899324,7402.941292294095,8244.076483926521,2496.8420172447964,4754.904078631894,5133.560339082525,5635.4908681973,1215.934567371986,9916.45292305115,8679.071319432875,9714.040648591254,8591.38820474851,8103.148941168825,5388.416119144261,8707.471936781254,5228.630963569199,7448.300855146402,692.3171943065314,2945.0317832758396,2834.0417743207086,4740.00682388859,2174.003288482305,2670.0229021877453,4320.78364728355,7577.647257979273,6327.531831763595,5764.95843241412,766.7709623491775,6030.524129053553,8766.004613694946,2881.4494247637026,745.1506410154427,4500.471281916197,6404.713227792838,735.9163921067832,9109.626298809917,118.08250739047789,5822.696308334706,6311.160294244079,6546.032481926809,8335.02856292155,1355.9852101607576,5508.658990207613,717.4786514206917,4477.028496497886,7269.332588568431,8934.270136718449,3146.522128389016,6848.8364822951435,8991.291598343076,9586.923268109778,8126.1809599836115,9421.445786359713,8845.226254771364,2353.880846803632,9643.095130889977,8732.927868890258,4283.005592125054,3104.1340374427264,8453.149409984831,7205.930199633808,9347.506378422982,7622.172781727321,3185.9122592468207,5860.5669478857835,1609.337659251177,1223.38405354922,8640.387192052593,9321.127246445143,1806.4599106569196,8784.305857313282,6531.967448448564,9688.371182739973,3186.2502491125683,6693.519303447986,9409.031579688539,1706.1601045758161,8618.86246157981,9853.632780086238,8373.384219553716,8961.05124293148,2484.947271929229,302.45035000368216,579.8760705312384,4670.342126704006,2365.1440867080228,6248.104336198919,1238.3901175966498,6889.066195871964,9740.361701674312,5674.652047163471,1119.1378923133952,5708.173452224706,2598.4989333528933,2718.4810450402038,9692.801937515047
2025-02-01,Entity_89,6765.837878132652,1003.710183291253,3058.792338352608,5558.457572711791,6282.139475767438,5023.613447503456,1436.1426649363304,1310.8862934211456,8422.637089955037,3937.484740526383,8330.769441985025,2149.730508928804,7755.721331767517,2236.395775162651,1746.2830569960727,1585.9974726951698,3694.467314876864,2942.2207293488086,7489.996672951988,3277.756598161492,937.206037168767,3419.992630672398,7662.721335205014,4140.785497940472,1795.7707674857336,4539.826761305123,9905.498027744597,8361.615578312369,2261.2463478782024,3788.2225840871993,4032.5784325389213,6109.885507579111,2866.044074869937,4099.370367111576,720.3129552005319,5681.437833287654,9905.747665307614,206.07499802757627,3967.5025166783525,7014.890264118766,5573.909452650362,7424.096299203372,9298.336571650074,5020.383707463505,4790.295915546741,1201.9571671091085,3624.0156275995623,6389.902848007863,3328.8018506772014,3637.1563884679636,379.2961144564806,9297.010911010828,1010.4616410420659,8869.042062696888,5443.449061482392,2121.793398431005,1237.2088684316186,7906.139135342078,6918.451077667108,1032.9886339040247,4151.844319691695,6567.095281828528,2871.706118954415,7886.015484897147,9853.801502419941,4909.619976886408,3806.566056968871,1156.385206227047,8808.565798131258,295.2058516195803,1822.3429480299253,6166.229361764359,6195.025341797214,2959.9877123820806,1982.2594951014803,3555.7584287367804,5199.755492723517,4253.746623652654,8085.311951282314,4976.221241843035,5670.713524420555,9503.071238682453,7061.259349834501,2513.003374921248,4932.554220318677,4294.505464294945,2333.1586077398674,928.8740217965781,4897.3954580774625,861.8235137957319,3213.795445607234,611.6683455304274,2223.2820846248114,3883.109777555046,2396.1404934629677,677.8028471371966,5304.330086325277,8985.45782095071,8042.332810967418,9012.026471813548,7918.291837367945,8605.312126756915,8220.479182951083,5017.372470885686,5676.2643128510335,4088.1829274231895,7537.549727218486,6808.941977541069,1244.3189468410235,245.89229215311192,1339.1922113600772,1569.1325551229595,6070.263466858734,5069.9804775904,3101.403400335075,2218.329565883019,4625.4388262187185,5007.6179834298555,7538.166573529688,5435.663655958608,9118.929844733186,5565.7292352423665,4408.993197758756,6466.090359405346,5328.631542813568,6437.270557229054,9226.882981010727,3944.42696618464,8572.657853103632,4781.588338564935,1930.246293219493,8623.768338357135,2045.5625029939254,5783.500803677842,9430.47837921308,3890.6315604239917,7128.398414806975,5724.262007307647,2598.354373447885,6079.626164706024,6428.014945950941,7169.730921547865,5671.384422479954,1498.4024827303065,5918.65847934858,6806.0557807536625,1809.1470601892893,2866.6248780022743,7941.073139082727,2011.240674432932,8916.769880111888,3950.0596843270573,7585.741386184075,8871.943333397585,921.3066406651176,1523.601552818981,3994.777650959698,7914.579711183121,3286.430722432718,1424.7904666778002,6563.782767255502,6336.2875438330375,5348.822695115261,8388.795158989615,9566.44465268137,2481.7810335811178,2224.369808566894,2365.9384811100995,718.2806663525524,3402.0411615574676,8271.75889333569,2777.203570192156,7781.623895016831,5285.989959724011,7211.684855391471,7701.719209750617,6217.031024683026,6236.101037727358,1504.6236097786614,126.4205492267377,8338.727537194738,7329.934949764313,2281.6223798882693,1637.215517445529,5642.827965055267,7892.658960976545,145.85879751057564,107.00784790640373,2773.980778720216,5657.087275613783,201.0693481671134,3534.033339913983,4023.6790158667245,7623.43420341878,5757.124398940124,9491.173170662716,4125.8884913803795,3257.973484967662,8728.11421828685,6352.284878966613
2025-02-01,Entity_90,5878.023996253054,6422.387831178401,2504.065952964078,2298.1390330546155,1851.2112247734403,4605.913530217131,3819.9826653481528,2253.9953871483826,4775.210120499117,1097.8135788491777,6649.708303781114,483.39506917025085,7636.620791720795,9804.215480876277,4320.74046313642,905.0560309393853,6141.369890624981,8965.332902430902,6308.315392648929,6723.107481802398,7996.156187147624,5503.087439671093,5161.02507957202,7532.673880354237,5192.935665883002,7899.517562569244,5397.22676859555,5331.81985224767,8274.317323763764,9985.028709260896,2236.7390993821405,9872.861104478601,6967.399631025975,5326.72554624106,7085.4335025669525,2789.065399445523,1074.8804103784396,2139.2833867139425,6261.43206077285,9461.016670534627,7262.575025582082,2118.487485171636,3846.7481609214847,4570.497186640531,1903.9050354225428,1478.5949831277749,2738.8259828898613,2096.948235325839,2698.746586855231,7739.15188639976,744.8857877977205,4882.180382676356,7726.981851369741,331.60756054389526,675.893306375159,4905.217442685064,3973.1128527080714,6151.810079503549,3890.3768195344455,8320.348300966238,2433.270055377785,3095.670878838715,2500.1609416151805,6922.395588106693,6715.200509038814,337.2246639850633,5552.4477049916695,7685.6633235514255,1966.731638393254,9423.606743603066,7889.225157473888,7556.940868771394,6329.761344076612,8602.888685982647,3926.0008043270873,4364.336168445174,4783.3828177180585,2027.1450149188277,7547.25758174253,1139.953878620714,9267.189185233723,745.0002605049621,9028.921674338446,9341.819824254193,9023.047408403969,7255.34696678752,3604.164683223131,7551.290199696889,2739.569943363649,6506.083167062025,2359.326047120978,5294.318012485403,8628.357289338792,5380.109206729596,8555.844013982545,2658.3831164446856,1308.0997027998926,9007.98870694143,1607.3619966486335,5734.848381550406,5525.868265843401,6938.284215984545,1463.3731301623802,3770.9839685027896,3438.2894485396077,3995.3912228506147,9205.06767137445,6840.114021035153,4691.111392618106,5141.7752845382365,2240.4487769901652,4445.877129120571,613.5174611628265,2150.382415815789,3504.0196427512738,6958.61396067038,870.2406632999076,4291.629467200849,1053.9445826423337,5050.885478029849,2198.949931182937,372.40501070145785,777.1863591463566,8458.185487074446,6190.206778966371,613.4470646429127,4476.986390888584,3019.4339191168674,9743.310061940947,6645.450512632568,878.5460176644704,850.8705790105454,8201.762026405511,6455.100943661161,371.9354772087163,7864.119634341129,557.8961020582785,2006.9689922988227,9110.33863776776,3077.2115085961664,1211.5952352744835,6202.006512636742,4284.459960234583,5524.624080292899,5834.474123720119,8611.656484757747,8418.157619730919,2076.70857497286,7294.949852934836,1708.286218964263,9516.215648169442,4794.799118257935,8501.587639785612,593.2906460306085,4405.630520502935,2968.490329455033,6423.526702879829,7777.088093920609,8730.721202521076,445.8044741928388,8850.328561674132,8936.562313878336,2028.9298898777681,4751.722884446932,5942.75365641765,3549.068910506687,5501.498463638029,6459.401004038007,9578.695148656847,3364.368202984091,3652.4293951340787,3840.9288339077566,612.2308916346818,7558.525556099292,9129.858764267638,6711.839506896092,5569.372596637034,4573.713826891892,6661.185543270683,7662.8907641041,2732.803357767543,850.8324944421124,4009.9241429650156,3884.242069629779,5268.088363383616,6201.2866946440345,7725.780370526954,1679.4915259227348,6084.253985888658,9902.017359495952,868.3584047947252,4751.031180442607,3157.119840917026,8382.615378419343,6735.900787151136,9976.921405719964,1295.1186461423406,4453.936461994748,2422.4118624937055,2493.778676519009
2025-02-01,Entity_91,8945.485043106613,7846.274742207486,7189.350439773491,6611.932110066236,9409.605698928912,6228.567380722645,7872.088666711726,490.14685315221027,3393.8605751739224,2464.327532600646,3615.0292340790625,6707.875702184614,4693.083973508647,6907.94337730185,705.8588706495941,6039.1192084847735,7752.46008157755,2388.955083175275,2542.192905536261,9862.187911150539,8001.009674703069,4770.096558513286,5090.292474761783,6555.2576196967375,2484.5398694353976,1546.024452638529,5038.765120337277,1893.52161875505,1970.4442617089578,1178.9411390372215,2305.3396677290384,6600.5864814630495,7313.3440356352685,5685.955891966078,3045.691378586505,8165.719231920568,701.2113689288615,4086.8607994008707,9626.683976242508,3065.6184370266765,4981.061253363018,1911.4385473427371,2989.0711005906187,3681.5713183385374,2962.225832157377,2320.7175282806165,8818.066974996449,9046.585147732145,7934.116785836821,9048.433966319064,3011.176166016301,7854.384664631536,8276.709505830982,2143.882882718849,6831.610744609034,6202.654583277716,8482.137618339328,1251.8456671477552,3530.8024250728918,7644.976626278876,3964.546512387965,6944.082214346464,6229.052589676695,254.89020324627245,499.218277668995,257.50171017365614,235.70378535310618,7282.922079094465,8217.606441367456,5414.006970612743,3125.7216116234763,3594.0522571982256,9712.232313843946,3289.5369596462806,4626.961557074556,6661.96042472439,4646.9255770508635,7732.261103088459,5826.415553009532,9877.26684211674,4228.65697796287,2179.3937322275715,9808.06160592447,7464.00275736377,343.805205049546,5076.863700849502,5819.045956915515,4644.003483689268,106.065850523615,3097.5671521252557,5080.983978873574,474.98131805750717,8820.610142858644,5984.003968716187,6521.723863389666,9217.670471973026,1904.6566597396911,8716.15788490116,3201.7080198899885,1246.6637812532472,986.7398537792883,516.4841168171304,6523.979026890164,1700.292549009687,7831.372392417069,8514.236849065126,4171.343760142253,7143.285118879816,1773.1932329494825,5935.843551100265,4885.560539720793,8041.045715913631,9922.765112317185,1032.8105637862996,1877.0493801390926,9911.634547658867,4897.158269586888,2616.7070979312675,7532.366044823263,1421.903289143362,1649.787221280075,4114.816184312298,2223.21143206061,2361.694358999924,4575.928692443845,2337.4832765344922,5133.766863267096,1704.2833705421372,3027.942508997848,3747.792507182979,1588.5555154199394,8871.256707449917,4761.22474861393,3540.9881643719477,9683.028632577889,2151.9349824745727,3072.958191686643,2904.202363164348,1073.9657388218345,806.1662072406355,4853.388922111,7517.72356744366,7644.747322699013,7230.27100320058,6849.817380542156,4026.2438345789806,952.7515686415604,8389.796461018042,1232.6897822853853,9028.75104069186,992.5025742680516,4255.2118090690665,7749.24918191964,8680.115749467113,4477.4612916772885,1851.6636054593682,868.8659935310051,5456.262831307346,6155.584920197552,769.2811384178001,9552.065375824346,920.3739024655519,2700.021339565595,6502.535698957367,8198.082876702225,7771.1346047749275,432.8750496760666,452.95399068537375,5164.28309529313,6613.479282439967,8517.510642903851,1635.5100917452837,8070.094550179772,5645.3657919825255,7206.13744429994,9182.240270016588,164.1730644734938,2900.9788556056824,5230.506677376388,7139.265232314969,971.3857599800926,5497.1329635023,6651.429876657689,5500.950410884986,9399.3459392929,1613.7266274377919,5125.043881139592,5822.597317475818,2047.010160355698,8302.91508346188,3739.7956363158205,441.42056531535724,7429.194338875603,9535.883892241494,6957.809300806622,5372.100805628351,3723.2352585490553,3798.842533972615,8822.346602038971,4073.2433396089486
2025-02-01,Entity_92,4934.424719353922,9826.21295896287,7023.997017683727,3931.449169184185,6752.733364344234,2032.2065577507587,7895.077258422507,9551.293991437316,4083.8930402358687,8743.65285315585,3142.4587215035476,7200.235278673432,6971.423125696045,8779.173899573372,5320.765099426721,4741.480443887153,2326.134481573146,2154.4209992408637,5263.594660604899,6218.291160111943,2162.4206521241513,3770.0335587939853,3510.940728552059,2291.273204516597,5449.970710904923,1014.1712856566925,3625.7782469019025,795.4411501312412,294.4477738759714,9758.43340992703,1077.6398870351213,9566.853855120233,3278.913748899166,7834.857472168983,340.25428535179117,494.1319766197235,4505.742076296719,5039.640489549942,6890.824454424256,511.74477325957406,3202.166576047436,8283.869184830854,6063.513431495794,1393.4649348950065,3162.7397786096817,3661.3794904845054,7533.003113192787,9180.6438066239,9412.242443309842,3095.0944007862186,7867.4544388561835,3172.490369051536,3385.5014494269685,3137.6338556864443,186.90002010236313,5146.6773658477005,7049.721760999187,5681.411552429896,9029.019882763669,5239.676679664988,8753.105220693764,7645.946802338066,4457.54515418024,6280.669803811914,539.6078540259839,4393.505258878884,1840.2349464457707,7666.477933380214,2949.0161736443774,7425.571414532057,7192.801085628339,3123.523136582982,2043.8947741295822,9487.918358711739,6328.435341932181,1838.942870641565,6832.224166254831,727.4491566686406,4220.433461511234,4174.66089391345,4596.561915309148,4278.937397073519,4374.151535686539,4252.844906080686,1918.6434294415794,4698.910599838746,8548.094809739272,5721.057568028569,2043.1916896578869,4095.94247193415,246.3149609987295,2678.5544245162187,2356.9979809000965,6163.802941621156,3842.138961259083,6460.561568648883,3775.503018936774,9882.787692043938,984.2011108648026,2368.750341553211,3237.6455628524805,1058.7522275309652,9897.772602864392,731.1913622114165,154.50100003134474,9391.945111881627,5709.034043220524,4292.439556550352,966.753078753072,1852.3798804321325,664.4256963645145,5492.497001085027,3901.503068503003,3223.80580549794,5799.253056361301,1657.943237649147,621.720595686061,6347.625049733987,5666.422404195683,1328.930927980733,6861.838962868062,7416.102855105568,4335.736172738559,4638.835794790634,7444.083463831033,3303.460711465998,6646.2254728753105,3828.6911806260096,5415.590503615476,4697.258221289826,6934.122726166668,4168.684828515865,9338.337409998145,5406.349728457275,1027.0220419509765,8888.510660725899,4867.938285729838,6855.128996410057,9855.362754778716,1306.3418577579228,8030.680070049366,3983.5093342058235,7757.706901488948,5799.438798611168,2534.9745778089214,8058.190533879206,8506.558491779648,3811.3699346930975,977.9329854932314,8181.337675175791,3014.2343722426826,7727.047678050678,5497.5385186765225,9452.16061190773,5021.56064815298,9953.329613030632,6015.910504235721,8620.411015881677,2012.2987824357235,1486.884961239419,6208.15785205233,1899.5242258301773,3096.7621969664006,4844.4455086837725,4936.376937394776,426.8596775941115,9290.805163971689,1834.8837380572304,4613.172323816517,9626.102897428946,1502.4163159330374,7011.265780010617,809.5093708332068,1290.7940651715417,9778.554819009167,3627.0231591393363,8296.012276019674,3042.4898463656505,7156.6998828532,5754.753155064393,3252.5377715273116,7544.28757403692,5491.277999911821,2172.922522428857,661.8958176304556,5218.324751705255,3823.532551030846,9587.941323750983,8716.819108087555,2117.2601907504795,820.9548178734334,1346.5446367390257,388.3498690160393,991.2129545126176,172.47022246872578,1784.8712517493182,3024.866989139319,4816.3164986753645,3130.523567818091,9399.988773687759
2025-02-01,Entity_93,4630.882559627594,4919.727173679648,4783.787878598676,427.5949895471419,3547.7080922618015,153.49855709816336,9315.232360283433,4619.490845201622,6132.5790167288515,8864.858517314744,4838.87157316352,8054.347707178613,5743.256092613633,6235.339157262536,5179.849047477568,8864.902881311322,4257.5685374806835,4252.099332679761,557.1410358782529,6073.961145078955,8560.236949875403,466.5498185233176,1971.193196818087,5572.497080351569,4946.453841882893,8981.841281090252,1610.7732424447759,4918.559327065023,8453.326712822463,6991.855533003976,7557.854280439771,6223.751922139608,1256.6678451968294,8553.917587447664,4472.474007892415,1117.6278351253363,5023.423226326258,6459.041922179015,7303.534479239258,6719.167241259852,1598.9462551287402,2715.2224011312187,9122.557755118472,6135.0309904586975,7951.6097589649835,2443.0740481971616,2191.732400073596,9809.918630381375,4323.658783597968,4855.643489773037,4827.263209661411,1357.5913574451506,6036.671656965752,4583.343692523619,7297.3663660762495,9873.073524138685,3821.5371621179306,9163.701517372492,121.58752481925839,6624.19183224721,6021.118813408048,9020.409768072344,7005.948700554238,2212.856433101393,8954.305801508763,3052.3362278440422,3124.5300950516307,2180.747688950456,7074.759386164137,9560.58985915798,9331.962486319288,9894.357114602826,2937.9246398546934,5113.22725305517,8779.417268996589,3584.831950823418,4441.905946425244,8704.838928941197,9451.437019445133,1549.1153929587776,9491.179625569273,6935.581653973958,7713.8211451948155,2952.5568539881633,1771.6315969183213,9382.928049299113,3164.9362137365715,1287.7256784986293,5603.872129427719,7908.2831222769155,308.97242841405557,2273.603548100435,141.89617215871746,7254.092488328435,8463.01118442295,1260.948823555127,6514.833792243279,3104.8704760817864,4613.337745707494,1484.691294854219,1503.8920773105283,969.3049686987248,4117.855124355572,2957.5035788287582,6377.344789934841,7659.471396899454,2689.2307408893225,6741.471689063265,7870.538449928392,8775.150094005456,3158.5250847578686,6078.3010969833595,1622.0481673111933,1051.8163094346924,8382.895545173255,2766.450286944963,4311.587685364187,5431.377565027349,4369.097870866413,3594.920271293526,403.09626555893726,8113.120630287456,7166.7101026575365,1606.7131633493598,4829.194254374933,192.4066181844354,4159.049852578442,4408.30973160381,7918.935553244266,4862.272379134501,3430.628172177072,6164.44375528411,1922.6192151108066,6940.240208079294,7881.775499164656,5181.832385736217,9547.845012247524,2444.359636611807,8677.887020289707,5190.993263021318,9715.401926232533,4475.674417826886,8410.219103693236,7271.1661447087,9507.345928270417,5852.413163183169,5215.610328657889,1691.3603852723277,9394.330214291229,9878.023926794782,5792.478169541069,3439.5386526561138,648.9283523398647,4308.770328673624,1079.6589312596377,4126.129571855616,9032.999793322086,1603.8326649939434,7733.826368427611,8847.588374654939,4966.135998230816,7307.1095301219975,6212.32346855372,7428.447830574562,8896.67314298321,4095.40291920564,4308.317347903098,1051.5945014350707,2009.7174848297805,3506.4522379197992,7807.7048501466725,3658.049784989169,304.7808220355739,1747.9663684983345,8794.583170457343,9237.226606423266,5420.887105190629,9719.337292721122,5182.807139393212,5100.12639624379,9719.409330631892,4334.3634118100035,554.9978916261679,8813.581235459975,7085.831686137443,3047.412000456482,8618.259778334857,2496.369053083648,7175.798501796354,8168.286507825078,6523.156082161764,2542.4813255509157,9504.348482365447,293.8786842702596,803.5940389040929,5716.446759266892,7109.250498787205,9480.443635716107,7841.557415930943,2895.3868291595463
2025-02-01,Entity_94,377.0535849696557,5444.79007698112,5338.797667240619,5236.226499449078,9803.397293525559,7813.582927333414,8997.75555880233,3686.6056386109526,8930.543634677992,2724.9639075300215,8645.060653570603,7558.161827230588,2667.4633161899974,4853.954394866462,1843.453078632743,606.7152032029335,3107.8787396886382,5384.051353987192,1051.674758377716,8226.790059360976,4858.730737356624,2562.0164186346688,1307.9682643900628,9343.007604507427,6620.378297818184,3568.1596399774958,7114.6499168309,262.0526922156532,259.668274148014,3141.532609993245,9052.472422298237,5106.834694712272,2280.012970691481,9326.856017303635,234.22604455686755,3459.300910533163,5298.312684800851,5273.390693278436,8179.745329808445,3530.922893746129,4202.293613706616,7788.605788117248,3723.5697497360593,2366.008647631844,472.1366153111383,2667.8602408225092,6908.175636738515,3662.1594952457813,7922.623784142685,9187.140607655021,1852.8452149859054,4784.178127297966,7823.691236490192,4224.751501655879,2286.0210814270063,7020.146580082211,1734.1027196482646,8813.313532171069,4263.360650093731,6043.989847311737,5293.019695943221,6395.4569443933615,5835.565524543995,3761.479432193947,9556.110354563802,6797.332336379622,3426.5941069864607,8932.049982788234,6846.8043053544725,1161.0347651892266,7029.594661356347,3562.4121501516006,8604.10766213881,3398.997533705067,1239.525836333482,273.5191427426225,8380.576944690878,1871.678181065757,8091.380212592674,9347.882268964353,995.6693064180904,1727.4773019327376,4446.208385333434,723.9741493077569,7192.651347813595,9163.469611592505,5309.464293248281,3128.080149685506,8724.23183908341,4764.840279581062,5315.006595066662,9235.466099121868,3820.090141523853,3589.1097272532106,2244.548589335616,9917.187096865622,4273.76534168132,2417.4282120415605,9851.085580518828,2581.075028041679,6765.744892960541,8737.79996365915,5048.564826265534,410.71256068297174,9518.876529753796,8761.108478314061,1121.6667505569335,8955.613715731857,7752.596886416309,3128.404741897222,9726.982832484659,7454.504739430939,2958.008264531442,9008.681790535924,9975.597205493252,7471.886160286906,8479.392831931054,1896.280753377691,4901.705959490276,1509.5742232609161,1626.2517932699661,7939.208815082018,8442.87186088062,3606.994769795523,2806.6034809403322,9833.265515263227,7498.77589265424,1075.2920830921612,762.184751366442,784.8767550351531,8681.044165749932,8436.287302936,7882.333458236348,2181.687418812239,5632.491658481423,7569.6330473986245,6035.8570010364,3736.561460653406,5335.405010092158,6956.724177800134,3720.8618533797185,6013.862198010407,9569.145782886464,5320.972368758689,2513.756525978082,6513.902668164405,8359.189354426748,5553.537527048832,9946.61362335809,5885.958796079399,6664.770850037356,7206.936554603621,5915.797376916996,5111.161420597181,9816.833828071982,9495.629158231415,6982.895020848999,7881.365080560691,1010.4683378861309,1389.5080612153656,5389.96201901592,9928.133016923826,1657.4854957000225,9276.863839065752,5725.070875039754,406.1364290565154,9881.421121966638,5628.053675346471,3152.366578394294,5334.542403978384,3639.586657470191,1612.0080552659606,3937.7020396056837,1705.4100637744978,6236.034678282056,3007.780880465283,1736.2842069720518,318.88639766899416,1687.5862947170788,6186.349304457824,1252.2092835870799,2730.679598773666,4978.656291050052,8119.779587050779,4510.646013893709,5244.533081681838,2676.5266611067223,9985.370838126191,1402.4321528099094,4090.497769681664,6170.506782580032,9118.798746051165,7983.361132195621,3252.0108047033827,2107.895096891675,7746.726496464358,9971.679376052101,9292.054391446673,480.5015640933635,1987.7121333397286
2025-02-01,Entity_95,6033.663611928959,2854.896886768755,2660.5026134700643,7645.3940030948625,5949.910459838392,2970.6153562039935,3109.809750048195,3697.9863030408833,3234.855994146168,2259.7345391027366,741.2237025900544,572.7477470372571,2740.3933216394576,7732.969930711764,9088.89773362714,5108.561411518446,7598.913360161979,4469.325060767309,864.2047774728446,5516.477622635662,4179.88826254538,4486.686804675111,6813.7660009839365,2671.324589191558,3025.9361738628168,7741.2677341928,5799.288654226129,2276.9322938656837,5222.398353043616,2090.829647055529,7963.522298331352,4587.902506749714,3305.998523801134,1470.1505678522985,1462.8154158278182,8695.38222454185,613.519625489035,3006.2948701562837,2348.7349675945225,4560.438463864615,1051.0624313383146,6760.562713837898,6684.214903994372,8551.743411887403,4715.986653308435,842.8645494744297,6148.091329880101,2311.124517322107,3831.0324966700023,3255.4870104939932,7542.029120439329,1302.0479539697917,1226.7872902822521,6024.429769280109,2713.525884935208,4943.384215908282,5353.655667548911,9155.382629070164,2801.4486480701794,5663.03868084292,7197.886448412022,6948.897906308004,2008.5592361061128,7241.0482061846615,8686.513670203261,1766.2443867333038,7184.307499042347,1263.0912306515156,3153.71992991874,7091.811783122467,4802.218013092158,3838.6658085411973,3870.280981482706,8614.939452653269,5510.236263492771,4558.950123356056,282.7460381160062,1164.8403113828513,8584.659281178692,3597.6346761421305,1656.5921672672919,6205.760121916292,9520.454068432184,2009.3313395022917,6122.398676940657,5899.267518537623,3001.861568057334,2794.118310011233,3168.7264207642556,4020.111482364336,7787.68804650571,7303.98983576095,9754.718269006098,7350.229893383915,9485.559708632258,4449.8388642865,802.2901275374142,7986.906630704594,8738.486281001715,2110.8354722797626,5490.031973308178,2100.298804969815,2699.2652261105186,6360.282701035033,7017.873994184114,9346.546991057052,1074.8319632441705,6700.176595280857,488.34584269615283,785.1839254913721,5327.417614742483,7723.489337461013,2444.4603752753314,6421.047517778276,7949.12696946614,1242.9236489746704,8835.95128553806,925.7605674822677,6185.4821543782455,6585.460859778567,1520.057643724146,7096.244001718626,2816.522842304045,2690.3238796789205,8580.052204430041,2268.826377992451,6324.828670481897,3261.044630717005,9112.8930789238,7625.500927072253,543.7949388374561,9046.943425591673,1190.6920296170958,686.9836523441365,8027.006895768815,5072.888755881747,1260.6620545244102,8452.69445364493,8046.919117613379,8419.013732354259,8796.511740822702,4717.442397189472,1472.436089788415,1161.584050161704,6733.967870955079,7276.544631040332,7889.648018088781,9029.301227097683,5563.523218550675,7440.553657020527,6622.810407220354,4987.860317406926,292.23447827219286,3877.5155490501697,4694.936464308295,9460.684775413076,5855.337274191152,4579.889197838858,1706.8326281521256,8521.887428481088,3191.1874732614165,8020.900729973581,617.9371746615218,3597.2379741573022,7337.968658029335,7664.856860262803,8128.705428895305,6434.217090261995,2658.3336255105028,1869.2453284090693,7357.082209158491,8161.198039050549,4530.292601625463,6069.874162196883,4544.996171925213,8752.263225513732,111.68267610769692,4161.3018899740655,3746.205891433637,3598.635784946172,558.9387530277049,9219.101118251288,3064.61254075306,7965.969532402597,4945.349746596986,6251.789392095181,4185.95105219807,8906.919515903826,2549.405854882311,9210.753541394042,9391.414713787204,1047.3442754149019,8540.350716528423,3431.2693755508476,643.9400069102346,7809.995727565155,4262.55359707777,6411.919183229648,9664.302190997345,6488.406558921945
2025-02-01,Entity_96,4722.98576892225,1367.3906068316805,2482.28483173152,9992.13771747305,8308.33060729936,4947.275713386258,7549.714226807845,4761.189435026519,9352.234240340293,116.60917021641515,3266.63461486801,3488.6599576483463,9349.1199648513,9674.02153724409,5515.928868384729,8967.729408786872,2273.9424351461244,2715.932583411436,1475.8361068667537,8071.203227517959,8608.010539070581,8766.229558431553,4757.409546536702,7849.676690069056,2113.1068976848605,120.31749791669549,4721.41748434624,6791.10578082087,2145.554975917923,1269.3334542633168,111.76531040204061,6530.327697389524,3277.146647503322,775.2361810057735,5577.421757763919,3078.566941583123,2228.6132939432923,8777.86976072095,8195.243664986268,6776.198214499979,515.4559168941908,7701.109579550096,9306.827138202954,4759.364997094989,9168.501486555651,7178.175093684248,5510.306054894637,8033.185886659723,8308.600428514512,6164.252206549395,6655.567412017016,7832.512959048087,5358.741680102525,1366.4582159557233,2719.1583939349416,3075.5414454467173,3762.465827334839,6299.9207887837365,3922.738720889117,3277.0608476329357,7296.439462458855,6186.770692406417,8186.222164815545,4435.078900051838,2905.698347568502,1927.4260097146675,7335.640748008198,1288.4814001317789,1842.9592139069396,2640.1037204303966,4252.768127558256,9007.73858707678,7146.1382182095185,9063.771286287016,1746.914512284746,387.71097836176017,4273.361940402898,3042.4899588933986,7001.344893600284,7685.269396397541,6763.745248178766,9794.108608543558,5324.095251479995,8553.282287391117,6002.7838989494685,4593.513312429255,7030.424466171109,7050.0327679556485,6262.62258962733,5152.982715144413,3128.1464996425643,8364.289350923094,7704.801850076037,795.9229699887525,5010.338247213478,6113.92906642208,4620.331723956251,1376.7788792497313,7008.477973331014,9090.958782707143,5173.557069575672,4673.111776819826,4954.737897250941,4239.411563059447,7701.3649947658305,9657.292764771075,2795.027161287489,2584.384023452617,3371.0081490605444,6136.83402978919,912.4098349317535,1326.6126273448758,9665.672341119121,2617.3043846871874,6253.243923626981,6075.798958220032,4356.087524046974,6346.734984775631,2365.351045009253,7603.814428469677,2982.159032171887,2053.3191798855732,4276.98742899676,7462.6087880402665,4432.692507828396,4091.863299253239,9451.56722635617,7121.701403914774,6742.242701384429,8557.59661898941,6703.584581369963,1531.74997743866,8901.457356466153,4734.062238068687,2283.1136303850894,2598.84935473729,5008.734202216832,4961.670550805526,6634.908241614365,2694.680440058844,5786.804969771688,641.8364267733625,1168.314722995467,3333.2952669193387,8020.406428039686,9882.213668645916,5425.156638535226,8638.305526559509,7040.156696145225,7775.243238221588,8720.828105953331,1627.605066667971,4110.213768830436,5903.013332705259,6952.437115605063,4467.7388543830575,4510.349514405768,3246.7147826638216,7745.1898245802595,3058.218337845846,4312.310098565578,7155.966012690207,7743.775160075692,6134.727190879381,3161.5896306586587,4226.889679928747,5582.3968117739505,1301.3507473535929,2030.029703704612,2838.6092521551955,2781.4977098238082,5346.601834046668,6420.37522366882,8508.817356744961,6991.018345231183,6070.706852813374,9541.965619797353,3511.626186018101,3714.6171551326584,516.8073310579521,2717.0285995593995,8445.836639198757,4285.206672500432,8225.366215586191,4584.570951298581,450.7472600427463,6490.218426032794,6032.125456585011,9751.866366914413,5935.812892077173,1830.684321378579,944.3934344030615,4286.173154173322,1165.4600947134554,7139.037135452581,9936.314933073321,6445.908039187345,7195.239292685798,7743.967588033177,5076.996165197614
2025-02-01,Entity_97,9564.97968279941,1426.2968132457781,3230.1296004033707,8735.5267837614,5082.931430499957,6565.789573260792,9776.799037835452,1382.5637176091452,3702.269772320078,7161.865914166528,3793.15845121368,7949.2900158097245,4575.805930447665,2291.536053619329,5851.820448680305,880.7270335997757,2218.4987561534826,7570.668345421979,2647.583765529556,1238.7135609404004,2423.8856679998007,2168.199926591171,2401.8184373638487,196.14550941740004,592.938540401497,9102.931501885358,8670.175233043225,4142.458426987374,7403.047472490838,9932.470350357326,4615.425201088146,2231.6427433297313,9045.012588635893,1021.2712110212627,6771.58189184913,5787.419295914982,6466.248547782207,6658.021364748059,6740.392948472434,1195.7985784604687,1710.2987310926217,7605.6686934004165,1130.3303225785319,9795.403734484085,8262.840869788739,7845.942164629583,3355.559979506535,4522.3132398946345,5013.770028821938,3219.720539841134,3612.5341870249626,6512.424546248874,2844.6893748005814,3429.1414702312086,955.6736826440053,8541.861757493067,2575.644482581432,9468.33599172526,4807.029820008239,3647.179336933384,6218.681099332776,9408.950696244676,5320.240297646515,1138.7700082505742,8578.19045615582,4125.595870172033,813.2893800854459,8335.505757876586,2456.267954435188,3163.5184468131138,7872.562341507533,1243.7009766670844,8241.930870045444,9937.633887514354,450.96173762897524,3916.259664518575,8666.355122977848,4632.0836008112265,719.4478957739763,353.690955798176,6020.157083843256,4247.625406603044,8177.2852399493095,3506.353240860929,7226.618049690012,8811.295127793665,9029.847723151026,9165.230239264949,5143.75802334292,3416.880106026032,142.822525130416,6852.006048659845,2458.0799134058075,9319.626412141766,6498.919517341208,7968.702991750634,4512.47294281055,7966.780876077998,5914.749343865848,6268.576620818344,1236.8353894094212,7067.312318526187,5656.704762238519,4683.286441218475,568.3052852857932,4097.846249378713,2415.602147327365,8813.887087252855,7794.694813872991,7799.372300411489,6151.802972598734,5322.968716768889,451.99156687966223,3438.5317785822076,2810.5354683288915,8610.098459700677,8952.97846059522,2473.928064537755,4391.309596848362,3805.213927849265,9710.077487250508,1618.7569029700817,2069.1476031935126,8091.873756533865,4000.060800963173,3961.9032928443676,4081.733417020728,4816.888096155256,6634.729116581461,9889.989115134575,5566.098661213568,4371.2003835662845,4505.162405441171,8304.633059504975,9213.792273018875,8171.304702612938,7677.320133775358,2337.833608671933,9569.000552238427,9519.852729210279,9685.948624639055,2033.5390240605511,5403.366312881224,8867.372285507028,4476.550987935744,7277.39403117475,1601.462114527402,8868.817575284245,5446.969533931986,7725.601021842796,2963.655873294151,3300.0014206568626,1939.9492078083815,866.0368435639855,9880.457264694747,5171.03683425611,8741.852157699806,8870.954027257252,2234.2659267435615,6138.029005477306,2071.2672194792526,7342.151462579632,877.622372268536,4665.872093243945,1246.0013323306614,6706.780754656622,1004.8419682577103,4711.184925626315,7326.987269695544,577.4175470365392,8021.861487666027,4274.353196487875,2851.512607799232,5521.670319675416,7457.115446923677,3424.586171737632,9112.389146263007,1320.5327400335916,5464.068163147915,2638.725810257162,5717.71387690145,3369.7886440046977,5648.838361676967,6689.939718124983,1394.7982953578821,6021.07379654494,3873.840823159645,4913.708403262395,1448.5281617490464,6503.5148682675635,1910.7541215146193,9205.611123209677,2677.039717814552,967.8833871764341,6142.107141132324,5376.286337978631,6258.142853096735,8578.6792789625,8136.299579134726,2127.396921365853
2025-02-01,Entity_98,4027.1644717274253,3940.5227312847787,3020.1802576255136,4979.224871321598,2643.300886686014,9637.16078809731,8325.674695521304,726.5757617391339,8184.392651081303,2740.8352866832483,9211.999501062186,1058.8502034193589,6971.72369679382,7137.820427859021,3124.8992081588926,6211.645251857278,2398.3102387328595,7867.963720021172,1084.6582466615966,848.0963264159401,8689.645132555017,7562.767789216053,8035.973923046931,1245.0262714190117,965.2594521453057,827.4230086949693,1780.648729565749,1191.388367327565,1196.7841410115093,803.5014599125411,6279.834636444951,8431.447017032086,6850.109054333967,982.7275753165245,7010.617444091881,7541.79096858033,7859.950135508798,6995.962225729528,8716.112410683889,4968.549002590106,7897.7391034961065,5263.781458646125,1173.7228608046132,7285.219463465757,4316.903213670453,3504.3143088396696,3504.1080356852235,8433.386426070461,4363.59676300786,7061.837479102013,3559.896935515636,1245.2505236132145,7297.327604154085,2318.3606421247055,9741.609871350542,4319.657024427039,1335.3019372569606,5746.40850724171,315.002308891533,2555.938725338757,7938.389721629262,4475.026211109594,6886.7139810257595,4539.83564940354,9450.02492429597,2545.894124086611,3662.9497264797956,2038.9269634238597,5813.8308872940925,1842.2817583468295,1752.9346624814723,3601.0160492820687,6929.124554480628,2354.006878887602,8157.924502714492,3626.3241245896306,8239.777149124473,3439.1058071814127,4062.201210375594,8866.546595039388,479.1913378061433,2267.0445911664556,2648.4222884787932,4952.009935610716,6518.385762918415,4134.050996209895,8308.228156788035,216.5762885584075,1775.6089197560439,5923.0850032440385,1665.2018083393261,4152.3184792475895,7578.520035941356,7332.326638975395,5614.983004357379,2871.454645519152,5864.082241805836,1778.2395743416614,8129.557112834025,169.28281380359596,2501.155729881715,3937.670872441682,7476.263519003269,8417.813724329633,8812.89859820025,3809.782282080546,1507.4247399998276,7216.275094501782,1005.8541098543658,5867.359951622478,6595.86514021545,1174.632698499181,1445.2883601717956,7528.935623076733,4662.106654193508,5903.663978260621,2352.3889577941554,9826.0119292002,3959.3185576055016,3088.748774750389,405.4978204218742,9153.786815967265,5554.7279210976385,5511.5336567155055,4950.39366762017,6610.680747226696,4324.068392114206,9157.159042510168,1446.1559120492066,2838.1384978257297,2226.04028861918,6099.511266820593,8249.839225451116,8999.690975356938,1137.1128458966189,3389.807098830875,4835.776657641951,7604.589744122244,9067.307589280495,6592.920113533997,4931.360464704869,9076.690016907069,2214.8411362106895,9171.874096573269,8384.853536537908,5487.377580748425,1737.919040191556,4184.62850488872,9422.059819757696,5599.355358224688,1106.0346421127392,2547.155199521576,3989.326151208441,9983.24227125335,9020.05514213173,5620.0082386633085,5516.642540821435,4968.82368005676,5067.321822718553,1491.8386757692842,4227.399329455493,9931.140571713306,3446.915780600921,5486.651401635254,6394.861020575377,9139.170207968167,9924.27848992316,8456.428660861791,5912.67594227805,4214.561872292585,3870.717844923384,7159.298810519462,5612.302290719375,4355.282319285307,7726.456548596658,7738.174482891458,1838.203945145429,7149.636127014421,2636.3993700821343,7897.828392657374,1195.0721246365226,993.429941298175,5852.667816460143,9748.939272539683,2015.6779554010975,1947.6366830175116,7300.9490159917,8766.150070198908,2831.8517437153796,6273.313991849797,9141.869287274632,2339.4574429296067,6154.194875098524,7405.424899043062,9293.52397096447,1366.1894023121092,6094.376251201582,3165.100970174069,8113.058615446739,8775.062803236175
2025-02-01,Entity_99,5269.585774077413,2526.2403230189702,1695.4176096023127,1670.117875343154,249.37326196649576,3257.5661372080967,7361.308588077281,9478.557967106513,9924.53778208943,7883.849013533467,1120.8138208060689,8284.51543551332,4663.88799687381,3601.5390950096253,8992.162896131213,3513.4570585052247,5745.2477299468155,5879.465914514299,9195.014245377439,8006.217100958053,7894.526905382309,4268.174199314011,8221.020520594102,5705.571535529627,9719.696914994853,3103.159099493028,209.81550050870408,3854.5582492910344,8880.96255544261,5871.151778502608,2395.263781483268,4557.6680350594215,918.9693710563689,4191.233463531718,4986.535926258367,7049.78994803531,5399.331100613844,5237.155404284746,6352.560609803773,3693.4932524793803,5618.181025285957,1101.2224454683949,2631.565723715917,6144.6332291183135,1420.6069929011715,4888.871935835084,9804.060761257453,7827.524359859255,319.61745697057347,3006.0849526054258,8208.280764810155,4070.886039820861,9750.732527123293,8050.081327554541,6690.1402963913415,1745.3345463564413,3266.5639366309274,1955.6797428161149,7708.413892353132,6854.6529199782635,6991.120337873326,597.2884721303972,2213.464083223718,6292.388726574881,2119.4222005085053,5550.668840151455,5286.442822265117,4576.689678773554,2808.2133107855284,5126.669131679833,6064.962504502527,997.6318574701786,4510.609104352652,6370.5698853625745,542.6650643542005,1800.390297907646,8078.609252292546,9815.434661322974,4366.342765331101,3903.086285837506,7542.970153413043,3369.0439493362983,917.3096220674149,8164.276700193748,3179.1320594059935,1984.0447111908222,8046.455574096166,7427.134050565542,7588.445948667807,9482.552512301641,3126.8126608857883,9795.271262701348,3065.149922553814,5145.64613247696,2910.4445661424093,7843.899456274215,5707.993793459219,9283.318218576447,3330.468295782587,9594.249150040516,3858.794036634794,6493.042926480525,4040.798564550904,1988.6433020903742,3095.213279389308,8494.526402044987,5847.367123665542,2024.34001758678,8140.529155484533,5777.17624603704,3517.0157321827865,6161.278395168224,2414.4889634437127,3400.600180900722,803.2168158302464,4590.612255572608,5414.103215168158,4096.400742521913,1873.4695549996184,218.27915322060989,3370.1550830042906,2998.6046901125596,2704.814306822783,4574.001495593662,9253.022802069028,7011.344699567645,6619.818642629102,9785.448223062122,5479.014138080235,2212.9738346478334,6307.0230457456455,6231.720793078319,3537.722296001816,5178.013396513534,1089.4219382214906,8456.728829719657,7227.999591372467,2856.4757453955917,7505.616856066356,3004.4027668194312,9065.039189521125,1014.0990285643754,5600.529416550786,3534.375311068141,1906.634246652412,5585.830098588062,7535.9170748150755,3874.0705435034233,6468.928069677271,7590.185014201656,1427.007249900269,9334.105348610397,7643.21832559819,5425.594808417345,9726.275255193072,3829.5383679714755,6357.253375053029,3159.975897306401,8821.406146208074,1234.2361667578302,598.8341361173129,2961.2682898951493,2628.1054223145684,9470.920292720213,5499.838091423175,8075.988823071648,4146.436276554574,8331.469256068045,6866.3986466984625,1658.8994108087886,9933.493652719933,6760.167492466095,9928.922876101635,4610.448062492096,8105.417324291991,1146.5111595652113,6825.857072196807,8270.130828675501,9537.888848113007,4640.256456295706,3960.9351511111026,5561.555941410103,9732.224298591154,6431.500257900434,6413.882057120636,8009.513264354285,6259.885154942746,8677.854898734398,7949.079294770257,6799.094808973679,6392.652050475098,1452.7621670649207,7404.124463474955,9616.343529128966,4918.892226362869,7999.043737986091,8479.895167951028,2907.4222484437205,7219.265952809169,9809.954732176484
2025-02-01,Entity_100,2848.3274123440697,3498.2942734668263,7480.194394006248,3354.598934980029,295.8739284011426,6420.310319028413,2233.782572403371,3151.7570676243995,5020.099378585003,2102.650728284366,706.4138050055044,7908.393437983478,8935.795277751275,1376.958034580782,1618.6871837084457,2566.4162529939736,5812.3992541679945,8491.639585588353,3341.7062848978558,913.6083955324923,3971.575344412629,1284.26773315937,987.5021954772031,3774.8651693745737,4663.7388013369755,2210.587835086416,1258.7804544069293,3686.353174181987,5845.306987816728,374.69761040046313,1091.8054926414497,6686.028565821785,4372.085322810095,3717.5343128295212,2781.793241696462,672.8574677986104,3060.071048387962,8804.359203389997,3059.1119768536496,7343.6544146631695,9317.090095507852,280.80898650665085,1774.6678703873272,5921.082198084673,7562.370073456255,1498.1618961704316,3043.1743607869093,5710.426460228884,8309.47984180382,3532.33797491346,7711.331749065854,4641.996199483,3779.098086825418,1218.178880195597,7665.06310764826,343.06893764214965,1803.1765932967883,6602.991026563202,4400.944598469842,6985.142048037654,1003.3393692771824,7005.552283449752,1268.4461806079523,1327.4434005111725,6574.005701066399,3403.395503140922,2924.202933102348,961.6703519751309,1538.494348908788,6550.432046227303,7067.567816102267,8733.351882261919,8892.372237087544,4682.373882483314,4225.757267316675,2645.150398418828,7429.986301611499,1632.4130643840651,7208.103828380999,669.1426443951137,504.53850848558164,7315.04419727961,4380.599607850778,3929.355598194389,8774.267465141607,9820.468684870679,2670.6068998274536,659.343263909831,8927.45930055002,3447.38055947273,2178.826132699451,2078.7837563979397,2742.33556684613,1497.7630983862327,1527.5139433833267,7017.891077998218,4536.986596077373,3849.6229411330623,9685.815136947007,2224.6496723899622,9249.320465724608,1362.481349074219,8983.347764832512,8049.434858287459,2122.1687888277456,841.8993137189772,7832.523025522378,6024.736412039533,6137.526770386176,5533.967151459005,9516.278332431753,7396.039586999506,9559.253004019398,6725.33433968019,1160.279658740707,9949.58641825079,9619.678635619499,2134.052105300904,6873.456209345185,9288.226984784797,3759.7402941424375,5640.764395073281,3752.355527295703,2078.7020782199907,1972.5906919886372,2297.897344035134,6265.540847249832,1971.557747274884,4339.704644040448,3119.445126087213,1750.785292760794,1084.2344257683758,1459.4521197104023,2020.4761765698179,8151.912290454503,1785.8695595387758,3138.434755852187,7465.575551117982,3036.7321619106833,3642.5346786345076,103.12970169267278,9530.988827432793,4825.048144833158,950.4311397986955,232.17626782030612,1275.010184517593,3152.9553663811353,4139.595501539199,8880.507529524491,2284.466662989546,6706.038374024985,1459.9356195007617,9092.171881412243,6391.092721691801,8215.259669866035,6624.141920666798,9919.8836192007,2663.8169530143696,691.9757414070737,8075.112768120714,8406.107815907606,6507.416687569897,6686.724880455712,3636.6212941514195,5180.107544109769,9434.709113703337,1387.4386877963368,5858.176848314905,4036.892811541719,5568.362706282759,687.514180176538,6116.976320046316,2622.4962793396408,4154.319027159251,1294.183699823859,756.7650771411721,3120.934419806622,7120.87562731772,5121.214349670689,7084.627685258867,9786.98930545595,8623.853240511371,3859.9966119329197,1711.3583775613558,5834.691491407528,1901.9404423044343,5070.87235166206,4230.813096745262,9684.63207908239,1023.5133035379678,7927.428742080017,5637.189563071446,6895.072322705306,9199.765504162,5224.532122711642,1969.5723613660484,4275.095842919787,2233.505713938079,7650.798165861776,9912.922849806984
